{"ratios_stds": [2.2252187397437115, 2.225218760574446, 2.2252266905359757, 2.2242954487907833, 2.2207248788857497, 2.2273291948352316, 2.2416968648562476, 2.2306335500605248, 2.2141838500104396, 2.214183850010441], "btwvars": [0.08800284700276736, 0.0880028337444468, 0.08800194576022957, 0.08799549953871715, 0.0877424040072224, 0.08693087503302174, 0.08594256407593732, 0.08544850083555143, 0.08397229908897996, 0.0839722990889802], "duration": 12917, "btwvar_stds": [0.129853216130105, 0.1298532150958397, 0.1298531458958666, 0.1298526469919911, 0.12983472674359847, 0.12979704553628038, 0.12984557344845443, 0.12995145129559346, 0.13027947983904686, 0.13027947983904695], "betas_used": [1e-06, 0.0001, 0.01, 0.1, 1.0, 10.0, 100.0, 1000.0, 10000.0, 100000.0], "ratios": [1.0647000640755369, 1.0646999397202999, 1.0646928033073535, 1.0643418518148877, 1.0610215315629745, 1.0552123473902504, 1.050244240980855, 1.0408568483924023, 1.0226744843903537, 1.0226744843903557], "wthnvar_stds": [0.1223410566379416, 0.12234106591982628, 0.12234199366747907, 0.12234323512402649, 0.12240949141374952, 0.12291429824150282, 0.1233790404401973, 0.12395669985336658, 0.12400042549818124, 0.1240004254981813], "wthnvars": [0.08265505936564296, 0.0826550565669849, 0.08265477655795268, 0.08267597425457764, 0.08269615780366908, 0.08238235199580354, 0.08183102627220594, 0.08209438307249087, 0.08211048615243229, 0.08211048615243235]}