{"betas_used": [1e-06, 0.0001, 0.01, 0.1, 1.0, 10.0, 100.0, 1000.0, 10000.0, 100000.0], "ratios": [1.3745565720208288, 1.3745564326194069, 1.3745527111692326, 1.3737703410561852, 1.3725808346410637, 1.3797507673683342, 1.389211914517088, 1.3769633414826106, 1.3086735216791214, 1.308673521679131], "ratios_stds": [0.512618420699702, 0.5126183399977846, 0.5126169846140193, 0.512448069414408, 0.5124912512968898, 0.5186215823075703, 0.529233000613487, 0.5239434112040665, 0.4902786830776338, 0.49027868307763234], "duration": 24314, "wthnvars": [0.04151652685047635, 0.04151652171525005, 0.041516008180982424, 0.04153509492380652, 0.04153532706889677, 0.04110569891562174, 0.04045427578029688, 0.04052713412222052, 0.040529260467774886, 0.04052926046777492], "btwvar_stds": [0.016964094590518716, 0.01696408619662565, 0.016963524228662534, 0.016959475884863948, 0.016928817230386528, 0.016785544551196276, 0.016627920558644208, 0.016498172600966192, 0.0152756867402921, 0.015275686740291963], "btwvars": [0.057066814829801464, 0.05706680198368024, 0.05706594160209343, 0.05705968151927871, 0.05701059389531589, 0.0567156196220408, 0.05619956190714849, 0.055804378021646686, 0.05303957002741336, 0.05303957002741379], "wthnvar_stds": [0.009349214549658392, 0.009349216350737525, 0.009349396388304735, 0.00936194477539686, 0.009401738147238312, 0.009525001188013792, 0.009708114101364499, 0.009707951209826128, 0.009710661178911135, 0.009710661178911142]}