{"beta": null, "weights": {"\u0442\u0430\u043a \u0441\u0435\u0431\u0435": [0.03862685167214792, 0.027311689732761112, 0.036872124111372744, 0.03954548623782104, 0.02632104517434945, 0.06793754824876883, 0.02961269801897176, 0.028889216988465395, 0.10750588462011416, 0.0395214765985924, 0.03651486472111462, 0.09549226708402435, 0.03708688072807964, 0.10146544118747902, 0.1276583587413094, 0.04773171377639655, 0.03374450727100444, 0.07816194508722722], "\u043e\u0442\u0432\u0440\u0430\u0449\u0435\u043d\u0438\u0435": [0.11758560089499802, 0.03957174443595643, 0.022904332685123884, 0.03254716626686518, 0.03303939615944639, 0.0390685294175189, 0.04078415534238535, 0.04093443598288116, 0.04565451712621961, 0.02382356005587223, 0.040913122888515174, 0.09807760560731728, 0.05951561215113649, 0.09408958201526635, 0.10451366018280232, 0.035683726022341294, 0.04911547887223137, 0.08217777389312257], "\u0437\u0430\u043a\u0440\u044b\u043b \u0433\u043b\u0430\u0437\u0430": [0.028452417025510466, 0.01730450118643388, 0.030263628649639076, 0.10353578189634141, 0.01715390646432246, 0.03408385107172411, 0.17632390532405476, 0.023419933016271665, 0.05521017423138078, 0.02578197702851978, 0.01522786138901502, 0.04317034722457803, 0.1939587881735519, 0.03586825090448862, 0.05822073134010331, 0.08975077250841464, 0.019849277207236966, 0.03242389535841313], "\u043f\u043b\u0430\u043a\u0441\u0430": [0.05941625195520641, 0.045255063877650936, 0.050505864362466485, 0.03779985532567789, 0.05928547911287996, 0.053647899294508465, 0.05949311399339694, 0.029044962110189823, 0.052995928791101356, 0.06202007215290156, 0.07207280704196774, 0.07383472652089279, 0.027867311625541166, 0.06779232490079747, 0.0529848950549191, 0.06979247956672248, 0.08025294533812158, 0.04593801897505786], "\u043f\u0440\u0435\u043d\u0435\u0431\u0440\u0435\u0436\u0435\u043d\u0438\u0435": [0.06842143150503835, 0.03246143051820441, 0.03040681383115089, 0.03455077488525527, 0.039554980873324666, 0.06350209856107843, 0.0531488714233189, 0.04639463298960988, 0.06354319908679615, 0.06057210898924702, 0.040203816802219405, 0.0838172193175277, 0.05123492709789137, 0.0703223746637235, 0.1103808658186047, 0.043699694163380425, 0.04220407623319284, 0.06558068324043612], "\u0443\u0436\u0430\u0441": [0.03340013703691863, 0.05018094918988238, 0.03604564219615286, 0.02712562854519543, 0.052756880511848514, 0.03685797667419612, 0.03769189313452942, 0.038938482378564315, 0.08346936165515571, 0.03488659294802684, 0.05864264046012526, 0.1655026799103393, 0.03383032857603889, 0.10873292069289388, 0.07945322020541756, 0.02520271187332529, 0.055383005103455986, 0.04189894890793359], "\u043e\u0437\u0430\u0434\u0430\u0447\u0435\u043d\u043d\u043e\u0441\u0442\u044c": [0.03279758107489469, 0.0768031878261392, 0.01938487326044354, 0.03091231194891501, 0.09403701803289659, 0.02254826867347408, 0.08339449102618997, 0.043029110070188836, 0.039982067533280784, 0.03367224087911412, 0.11584055009748012, 0.05510680687694077, 0.07572972371753954, 0.06038621562081083, 0.043482205566819594, 0.03001991682032866, 0.10728554451749676, 0.03558788645704692], "\u044f\u0440\u043e\u0441\u0442\u044c": [0.0933166864954803, 0.03926923304724077, 0.03922749562713668, 0.032165543964275845, 0.04728072446669226, 0.03536398862598488, 0.04891463840431867, 0.07969074576814981, 0.047356089688920626, 0.10585219558600455, 0.04418664283941226, 0.06791004746714052, 0.045092576004378764, 0.056010867193732265, 0.059847677601685446, 0.0368340916667659, 0.04942797989032707, 0.07225277566235327], "\u0443\u043b\u044b\u0431\u043a\u0430": [0.06012596059334977, 0.02465717753119068, 0.07324824013539494, 0.03898316915730348, 0.021747119781569665, 0.08232022077705785, 0.04834103881012255, 0.022269145486780332, 0.11010551465928285, 0.060084642027215605, 0.0247156883715217, 0.0600212752621522, 0.051846970402833745, 0.050939187425355026, 0.12582760425342196, 0.05823732509855315, 0.03434055043479858, 0.05218916979209586], "\u0443\u0434\u0438\u0432\u043b\u0435\u043d\u0438\u0435": [0.0339178168478736, 0.08175185624168074, 0.038686986370210494, 0.03857855243864421, 0.08119362040791676, 0.037132684895257215, 0.08002869541846169, 0.04533486387734158, 0.06038432469006681, 0.036536706337532365, 0.08342335880922416, 0.04440535721027892, 0.07164017727652784, 0.04438605395617003, 0.05612833993193214, 0.03634634490703793, 0.09412116883513806, 0.036003091548705554], "\u0431\u043e\u043b\u044c": [0.07810794005472127, 0.03304978673749283, 0.058278011921554185, 0.047123237224487885, 0.032247605277434636, 0.0673837438829873, 0.038223514375696016, 0.04479555198844459, 0.06281582335385776, 0.07741004210784641, 0.035342510934647034, 0.08539574847319452, 0.0401229677840033, 0.07605418690934651, 0.06786000009270063, 0.05189872893689463, 0.03984703398436469, 0.0640435659603258]}, "between_std": 0.00012125534457052721, "d-ratio-std": 0.5576463903156145, "between_variance": 0.0003099186994811677, "d-ratio": 1.1422416320711557, "within_std": 7.922828795542508e-05, "within_variance": 0.00027132499007168163, "error": {"sup": 0.0, "inf": 0.0}}