{"within_std": 0.0060071971124462265, "within_variance": 0.039510103797517154, "d-ratio-std": 0.5576463903156145, "error": {"sup": 1.0, "inf": 0.21621621621621623}, "between_std": 0.019397343036285895, "d-ratio": 1.1422416320711557, "between_variance": 0.052184913577572295, "weights": {"\u043f\u0440\u0435\u043d\u0435\u0431\u0440\u0435\u0436\u0435\u043d\u0438\u0435": [0.03882225815276732, 0.05014670424410009, 0.08260472351169268, 0.08450189462349746, 0.03772924287377556, 0.045401838615205005, 0.09837668208152964, 0.08579063618251127, 0.08196943140033469, 0.06145849406857411, 0.05111920260714554, 0.041407733122877335, 0.037180775131410666, 0.03490798604129229, 0.02879708505273748, 0.05036908488221411, 0.055989986526645066, 0.03342624088168973], "\u0431\u043e\u043b\u044c": [0.049879815831117814, 0.04985033416076143, 0.0647740601450927, 0.07887254665611293, 0.07539190233309978, 0.03904899600955422, 0.066354054487211, 0.07534875872881802, 0.059240155221411094, 0.06702178706164665, 0.05813004113356951, 0.04786478360705814, 0.04748601045223444, 0.0365434394715019, 0.060628806834679215, 0.04522645711488322, 0.026881643010077005, 0.051456407741170905], "\u0443\u0436\u0430\u0441": [0.054232271452080226, 0.033402778561035545, 0.10755864718032017, 0.16595204553390708, 0.04039390924885441, 0.049172279419341956, 0.0796856107018309, 0.03667413845364736, 0.0397214954237378, 0.04008517137213197, 0.09150033537048613, 0.027108112231340492, 0.03440554459377701, 0.044591307712898855, 0.039845203423100835, 0.05601146514989656, 0.03126157343470971, 0.028398110736903136], "\u043e\u0437\u0430\u0434\u0430\u0447\u0435\u043d\u043d\u043e\u0441\u0442\u044c": [0.08366995555227738, 0.06816675568601836, 0.06780971709522556, 0.07372319774928322, 0.03629099904418826, 0.053256102557735954, 0.06422429136135666, 0.04746804883991215, 0.07933036432525581, 0.04091865288325787, 0.06711413971144904, 0.031838674890680756, 0.04821529734875834, 0.049807355942966536, 0.030743975961328995, 0.06695064290015225, 0.05961110163443994, 0.030860726515712852], "\u0437\u0430\u043a\u0440\u044b\u043b \u0433\u043b\u0430\u0437\u0430": [0.028182598523896263, 0.15594283483785212, 0.04707930574910075, 0.04785807502896472, 0.033737397049506734, 0.029674563014280425, 0.05369159072360192, 0.03681962985760434, 0.038882388950189875, 0.040207322767444785, 0.05098719780790458, 0.07315924474260911, 0.03504338649505096, 0.02929802512574097, 0.03440711041284463, 0.027402790751555824, 0.15580580007424188, 0.08182073808761013], "\u0443\u043b\u044b\u0431\u043a\u0430": [0.03515985437499531, 0.05428840879456189, 0.05055541308210325, 0.05926621557854129, 0.05811493759458628, 0.025693719132105247, 0.12382831001133363, 0.05812099753904848, 0.049558383104447316, 0.08076881403211589, 0.10613210335103686, 0.04975534619512907, 0.027232476675832236, 0.029400160108441455, 0.07595940152506411, 0.025023343921392334, 0.05115085176936155, 0.03999126320990369], "\u0443\u0434\u0438\u0432\u043b\u0435\u043d\u0438\u0435": [0.0940358483112069, 0.06463544809597235, 0.060102814457796076, 0.07833906541773687, 0.032915982628146115, 0.07208260166425948, 0.046402621372318105, 0.03161078395097859, 0.03692423014657537, 0.03020808600923626, 0.061956797424346316, 0.040132898283688816, 0.04385742434923891, 0.07479949115793322, 0.037634825263972105, 0.08154724987850408, 0.06581355183951029, 0.04700027974858013], "\u044f\u0440\u043e\u0441\u0442\u044c": [0.059482831249966915, 0.04368200706547469, 0.049675818261378527, 0.06813500511350029, 0.10169862784379519, 0.044966166117366244, 0.05058163000983773, 0.09885288118805197, 0.07575254859147706, 0.03583087051782838, 0.04546212615837677, 0.03650848348166484, 0.08562854343426257, 0.040498134483324025, 0.038118058112503156, 0.045012439951832295, 0.044481473291410334, 0.035632355127948934], "\u043f\u043b\u0430\u043a\u0441\u0430": [0.07674591286639988, 0.034903483930709675, 0.07591284454760809, 0.06954516532461359, 0.055354063109031036, 0.051916110537632405, 0.06584702292929394, 0.056222321891962114, 0.04084776094180262, 0.0585504556745102, 0.06126719318644961, 0.05588302900400818, 0.03427039601608994, 0.04431943829315068, 0.056357803361179015, 0.06358207151846933, 0.06471138239052678, 0.03376354447656298]}, "beta": null}