{"between_variance": 0.052184913577572295, "d-ratio": 1.1422416320711557, "within_std": 0.0060071971124462265, "d-ratio-std": 0.5576463903156145, "between_std": 0.019397343036285895, "error": {"sup": 0.9761904761904762, "inf": 0.42857142857142855}, "beta": null, "weights": {"\u043e\u0437\u0430\u0434\u0430\u0447\u0435\u043d\u043d\u043e\u0441\u0442\u044c": [0.08326453699533362, 0.0769263828338549, 0.0801329338050971, 0.04029254871470571, 0.03417112109715168, 0.061198540243331136, 0.060841212730301006, 0.0766797698607149, 0.03913372640859834, 0.052773221611227196, 0.03365831857425523, 0.04256504109443622, 0.027401595059499417, 0.07707022935273164, 0.05351410364452818, 0.07466033422695675, 0.04246924616979669, 0.04324713757748033], "\u043f\u0440\u0435\u043d\u0435\u0431\u0440\u0435\u0436\u0435\u043d\u0438\u0435": [0.044752516854100255, 0.06656350689661317, 0.064750114673564, 0.03944383851528697, 0.02933574272077229, 0.06826302284204826, 0.040892969619493756, 0.07639153058699867, 0.024342044684326547, 0.0416382597987933, 0.048025351754368, 0.09283954425165956, 0.019964509303569702, 0.04473873743624979, 0.09062037496264218, 0.06886372024873189, 0.03739475083091515, 0.10117946401986651], "\u0431\u043e\u043b\u044c": [0.04096018240156756, 0.06426501967666727, 0.0705337108985827, 0.07662210613839696, 0.05094648242712263, 0.030357003201454093, 0.04541399342882776, 0.03604207315307567, 0.048925896195547464, 0.029571641975480217, 0.06861337787935601, 0.061617567106518716, 0.05966469342107191, 0.049400706966025186, 0.07540133207247374, 0.04452394602877371, 0.0692336961298079, 0.0779065708992505], "\u044f\u0440\u043e\u0441\u0442\u044c": [0.06804828642219984, 0.09059206780116842, 0.12834994290165236, 0.061305707270684705, 0.040952893434010304, 0.041408140250540154, 0.05326722008158739, 0.05147150150729129, 0.03396202882792317, 0.03167395683145003, 0.034257596846383104, 0.05248619470465886, 0.034521077627057556, 0.034757176575696096, 0.058055382125002844, 0.0499266458911529, 0.07026935419707878, 0.06469482670446225], "\u043f\u043b\u0430\u043a\u0441\u0430": [0.06883898373188604, 0.07014371445759114, 0.06278007358388694, 0.05415059011656772, 0.06805452102352405, 0.04095430224599345, 0.028066098216278628, 0.06528904141041973, 0.050023274298508204, 0.033180702963660595, 0.052428886153198934, 0.05152452762002787, 0.044790433724141314, 0.065749473709913, 0.06259166869100642, 0.06686185602955601, 0.06201623513241425, 0.05255561689142568], "\u0437\u0430\u043a\u0440\u044b\u043b \u0433\u043b\u0430\u0437\u0430": [0.017968054748673395, 0.058414026342894575, 0.06154494911506012, 0.027509574495627194, 0.08033067337245692, 0.015608530714147762, 0.024269405479082577, 0.014778229197967365, 0.08496949698143622, 0.01608289015945708, 0.036396131009423856, 0.03770938718680715, 0.033543695551858474, 0.1603193260251576, 0.06050151896065199, 0.17381433872485047, 0.06658456291539348, 0.02965520901905372], "\u0443\u0434\u0438\u0432\u043b\u0435\u043d\u0438\u0435": [0.08911005760085851, 0.056451449044776725, 0.0906488900612669, 0.02692443784385314, 0.049244623422071865, 0.0652734241975183, 0.0417518848572814, 0.07591304160261551, 0.06119496220687313, 0.06931112137234215, 0.025780352865796347, 0.031139927748487468, 0.034833611577207935, 0.07352312070307383, 0.04482717629803517, 0.07389665190799759, 0.06436780356046568, 0.025807463129478358], "\u0443\u043b\u044b\u0431\u043a\u0430": [0.02860608484224936, 0.0478064021955515, 0.057250184685644294, 0.06377435226915534, 0.04984558166769214, 0.01937850775758834, 0.024984549895608957, 0.020470405901680703, 0.03943443311276074, 0.02203081189867873, 0.08586705012161078, 0.059114512656608054, 0.07782295268196004, 0.05439045420189745, 0.1226663433319542, 0.04569465213522643, 0.11591257769248259, 0.06495014295165026], "\u0443\u0436\u0430\u0441": [0.059715859009773435, 0.10284885376513227, 0.1485349224252104, 0.03346093278565985, 0.024332808550487754, 0.06252864207398486, 0.04017818799801364, 0.06389074967243867, 0.026622564605488844, 0.05870707152665072, 0.03689798451937589, 0.04307894329393125, 0.03133154009184958, 0.03875169651386207, 0.07961366572238336, 0.042578167751306906, 0.07795745048621222, 0.028969959208238263]}, "within_variance": 0.039510103797517154}