{"within_variance": 0.04973683478195017, "error": {"inf": 0.1891891891891892, "sup": 1.0}, "beta": null, "d-ratio": 1.6882043766934738, "d-ratio-std": 3.5491260409979177, "between_variance": 0.08396594216176848, "weights": {"\u0443\u0436\u0430\u0441": [0.03977289095540489, 0.04117117906701465, 0.05187152491660521, 0.04096647796552283, 0.04506031568020189, 0.04616217368263584, 0.031738607232929185, 0.16115132145307406, 0.04114083435444534, 0.039252918895179734, 0.040039444718316185, 0.08039774181360682, 0.041811677244274204, 0.05178819660582868, 0.030946743417108857, 0.0428345124318635, 0.07362034960732586, 0.10027308995866224], "\u0443\u0434\u0438\u0432\u043b\u0435\u043d\u0438\u0435": [0.03823432031978445, 0.0373377061192431, 0.08385534109637126, 0.03822894970965392, 0.03886150594370279, 0.08151326882658932, 0.046940339911233454, 0.04775680818242377, 0.05624202630235689, 0.0776814012873812, 0.07062999958265968, 0.049361435620655786, 0.08482856313013537, 0.0961843735928642, 0.04194671846718537, 0.03342054166337165, 0.041669113188278636, 0.035307587056109174], "\u043f\u0440\u0435\u043d\u0435\u0431\u0440\u0435\u0436\u0435\u043d\u0438\u0435": [0.026295706363094147, 0.03496295709582914, 0.053541738347480286, 0.07040802517216566, 0.07504781764292061, 0.04784195303319202, 0.034717977832627825, 0.0735386624254385, 0.0345515850818315, 0.05269499902456843, 0.042706344234968996, 0.04802825344658437, 0.040112285257861834, 0.0375735469762259, 0.04119098243715517, 0.07843315344386236, 0.1339615735908265, 0.07439243859336682], "\u043e\u0437\u0430\u0434\u0430\u0447\u0435\u043d\u043d\u043e\u0441\u0442\u044c": [0.029020417556514504, 0.03463523631112767, 0.07210041180134036, 0.045842274423765206, 0.07791689283468553, 0.058962940128724085, 0.028829243897204388, 0.07800058264379055, 0.047438944670290854, 0.0588188173902651, 0.06365216835854583, 0.06455417457774325, 0.05761666315018729, 0.07931890959927573, 0.029970904852021613, 0.03896728195813953, 0.06464458950989756, 0.06970954633648094], "\u0437\u0430\u043a\u0440\u044b\u043b \u0433\u043b\u0430\u0437\u0430": [0.03738764263354533, 0.035373512790605646, 0.02922451548537308, 0.03714549890871395, 0.04007415856600644, 0.03178823460083479, 0.08258612154790348, 0.04731170657921111, 0.03565566286022685, 0.13685179338393014, 0.1495853570093592, 0.05515669170593157, 0.030442215416009093, 0.02848372652182003, 0.07628434328006993, 0.04123716948672701, 0.06016236923420632, 0.04524927998952594], "\u0443\u043b\u044b\u0431\u043a\u0430": [0.07585358347321883, 0.06378392352145108, 0.025554646762954988, 0.06263216139576468, 0.05580312932370234, 0.026526835230703254, 0.03744590661961226, 0.05628686152062507, 0.02890076389758672, 0.04716374249169212, 0.053948462595881076, 0.10720997436132863, 0.030457969426796492, 0.03642772525754091, 0.044798334126119124, 0.08081023355353234, 0.11902417378784058, 0.04737157265364946], "\u0431\u043e\u043b\u044c": [0.0630093512282978, 0.07818745536399384, 0.04434598567895361, 0.07893641215906197, 0.06117902747546855, 0.0393611492423454, 0.04493046766202627, 0.07516314902833304, 0.049877856652185436, 0.026682155318772004, 0.04853844733610315, 0.06158024544283305, 0.03642770825668068, 0.047774301038321365, 0.04385058843271231, 0.06993318780907605, 0.07100976705131389, 0.05921274482352157], "\u044f\u0440\u043e\u0441\u0442\u044c": [0.038118058112503184, 0.10169862784379521, 0.045012439951832336, 0.09885288118805194, 0.07575254859147708, 0.04496616611736633, 0.03563235512794888, 0.06813500511350029, 0.08562854343426257, 0.04448147329141042, 0.043682007065474704, 0.04546212615837668, 0.04049813448332411, 0.05948283124996674, 0.03650848348166488, 0.035830870517828475, 0.05058163000983769, 0.0496758182613785], "\u043f\u043b\u0430\u043a\u0441\u0430": [0.0484589367419071, 0.07120802786117834, 0.07866285919143819, 0.06565314343956584, 0.06282120859826586, 0.06355271523341856, 0.034063935637291716, 0.06792411418195939, 0.032991685058000715, 0.029293512292617212, 0.05292043569407534, 0.04927429244769107, 0.04820599334967415, 0.07618663958806522, 0.05079691995271126, 0.058487043439087526, 0.04997821736520345, 0.059520319927849126]}, "between_std": 0.1299200224033697, "within_std": 0.0707869007124184}