{"d-ratio": 1.6882043766934738, "between_std": 0.1299200224033697, "within_variance": 0.04973683478195017, "between_variance": 0.08396594216176848, "beta": null, "error": {"sup": 1.0, "inf": 0.1891891891891892}, "d-ratio-std": 3.5491260409979177, "weights": {"\u0443\u0434\u0438\u0432\u043b\u0435\u043d\u0438\u0435": [0.03823432031978445, 0.0373377061192431, 0.08385534109637126, 0.03822894970965392, 0.03886150594370279, 0.08151326882658932, 0.046940339911233454, 0.04775680818242377, 0.05624202630235689, 0.0776814012873812, 0.07062999958265968, 0.049361435620655786, 0.08482856313013537, 0.0961843735928642, 0.04194671846718537, 0.03342054166337165, 0.041669113188278636, 0.035307587056109174], "\u043f\u043b\u0430\u043a\u0441\u0430": [0.04845893674190709, 0.07120802786117833, 0.07866285919143819, 0.06565314343956584, 0.06282120859826586, 0.06355271523341856, 0.034063935637291716, 0.06792411418195939, 0.032991685058000715, 0.029293512292617216, 0.05292043569407534, 0.049274292447691076, 0.048205993349674146, 0.07618663958806524, 0.05079691995271126, 0.05848704343908751, 0.04997821736520345, 0.05952031992784912], "\u0443\u0436\u0430\u0441": [0.0397728909554049, 0.04117117906701465, 0.05187152491660521, 0.04096647796552282, 0.04506031568020189, 0.04616217368263584, 0.031738607232929185, 0.16115132145307406, 0.04114083435444534, 0.039252918895179734, 0.040039444718316185, 0.08039774181360682, 0.041811677244274204, 0.05178819660582868, 0.03094674341710886, 0.0428345124318635, 0.07362034960732584, 0.10027308995866224], "\u0431\u043e\u043b\u044c": [0.0630093512282978, 0.07818745536399384, 0.04434598567895362, 0.07893641215906198, 0.06117902747546855, 0.0393611492423454, 0.044930467662026276, 0.07516314902833304, 0.049877856652185436, 0.026682155318772008, 0.04853844733610315, 0.06158024544283305, 0.03642770825668068, 0.047774301038321365, 0.04385058843271231, 0.06993318780907605, 0.07100976705131389, 0.059212744823521575], "\u0443\u043b\u044b\u0431\u043a\u0430": [0.07585358347321883, 0.06378392352145108, 0.025554646762954984, 0.06263216139576468, 0.05580312932370234, 0.026526835230703254, 0.03744590661961226, 0.05628686152062507, 0.02890076389758672, 0.047163742491692126, 0.053948462595881076, 0.10720997436132863, 0.030457969426796492, 0.03642772525754092, 0.044798334126119124, 0.08081023355353234, 0.1190241737878406, 0.04737157265364946], "\u044f\u0440\u043e\u0441\u0442\u044c": [0.038118058112503184, 0.10169862784379523, 0.045012439951832336, 0.09885288118805197, 0.07575254859147709, 0.044966166117366334, 0.03563235512794888, 0.06813500511350029, 0.08562854343426257, 0.04448147329141042, 0.04368200706547471, 0.045462126158376685, 0.040498134483324115, 0.059482831249966756, 0.03650848348166489, 0.035830870517828475, 0.0505816300098377, 0.04967581826137851], "\u043e\u0437\u0430\u0434\u0430\u0447\u0435\u043d\u043d\u043e\u0441\u0442\u044c": [0.029020417556514504, 0.03463523631112767, 0.07210041180134036, 0.045842274423765206, 0.07791689283468553, 0.058962940128724085, 0.028829243897204388, 0.07800058264379055, 0.047438944670290854, 0.0588188173902651, 0.06365216835854583, 0.06455417457774325, 0.05761666315018729, 0.07931890959927573, 0.029970904852021613, 0.03896728195813953, 0.06464458950989756, 0.06970954633648094], "\u043f\u0440\u0435\u043d\u0435\u0431\u0440\u0435\u0436\u0435\u043d\u0438\u0435": [0.026295706363094144, 0.03496295709582914, 0.05354173834748028, 0.07040802517216564, 0.0750478176429206, 0.04784195303319202, 0.03471797783262782, 0.0735386624254385, 0.0345515850818315, 0.05269499902456842, 0.042706344234968996, 0.04802825344658436, 0.04011228525786183, 0.03757354697622589, 0.04119098243715516, 0.07843315344386234, 0.1339615735908265, 0.0743924385933668], "\u0437\u0430\u043a\u0440\u044b\u043b \u0433\u043b\u0430\u0437\u0430": [0.03738764263354533, 0.035373512790605646, 0.02922451548537308, 0.03714549890871395, 0.04007415856600644, 0.03178823460083479, 0.08258612154790348, 0.04731170657921111, 0.03565566286022685, 0.13685179338393014, 0.14958535700935924, 0.05515669170593157, 0.030442215416009093, 0.02848372652182003, 0.07628434328006993, 0.04123716948672701, 0.06016236923420632, 0.04524927998952593]}, "within_std": 0.0707869007124184}