{"within_variance": 0.00027132499007168163, "d-ratio": 1.1422416320711557, "within_std": 7.922828795542508e-05, "error": {"sup": 1.0, "inf": 0.39344262295081966}, "beta": null, "between_std": 0.00012125534457052721, "weights": {"\u044f\u0440\u043e\u0441\u0442\u044c": [0.05555555555555555, 0.05555555555555555, 0.05555555555555555, 0.05555555555555555, 0.05555555555555555, 0.05555555555555555, 0.05555555555555555, 0.05555555555555555, 0.05555555555555555, 0.05555555555555555, 0.05555555555555555, 0.05555555555555555, 0.05555555555555555, 0.05555555555555555, 0.05555555555555555, 0.05555555555555555, 0.05555555555555555, 0.05555555555555555], "\u0443\u043b\u044b\u0431\u043a\u0430": [0.05555556121779746, 0.055555558312099615, 0.05555556121779746, 0.05555556121779746, 0.05555556121779746, 0.05555556121779746, 0.05555556121779746, 0.05555556121779746, 0.05555556121779746, 0.05555556121779746, 0.05555556121779746, 0.05555556121779746, 0.05555556121779746, 0.05555548720157589, 0.055555536219370094, 0.05555556121779013, 0.05555556121779746, 0.05555556121779746], "\u0431\u043e\u043b\u044c": [0.05555555555555555, 0.05555555555555555, 0.05555555555555555, 0.05555555555555555, 0.05555555555555555, 0.05555555555555555, 0.05555555555555555, 0.05555555555555555, 0.05555555555555555, 0.05555555555555555, 0.05555555555555555, 0.05555555555555555, 0.05555555555555555, 0.05555555555555555, 0.05555555555555555, 0.05555555555555555, 0.05555555555555555, 0.05555555555555555], "\u0443\u0436\u0430\u0441": [0.05555555555555555, 0.05555555555555555, 0.05555555555555555, 0.05555555555555555, 0.05555555555555555, 0.05555555555555555, 0.05555555555555555, 0.05555555555555555, 0.05555555555555555, 0.05555555555555555, 0.05555555555555555, 0.05555555555555555, 0.05555555555555555, 0.05555555555555555, 0.05555555555555555, 0.05555555555555555, 0.05555555555555555, 0.05555555555555555], "\u0437\u0430\u043a\u0440\u044b\u043b \u0433\u043b\u0430\u0437\u0430": [0.055555555555555566, 0.055555555555555566, 0.055555555555555566, 0.055555555555555566, 0.055555555555555566, 0.055555555555555566, 0.055555555555555566, 0.055555555555555566, 0.055555555555555566, 0.055555555555555566, 0.055555555555555566, 0.055555555555555566, 0.055555555555555566, 0.055555555555555566, 0.055555555555555566, 0.055555555555555566, 0.055555555555555566, 0.055555555555555566], "\u043e\u0437\u0430\u0434\u0430\u0447\u0435\u043d\u043d\u043e\u0441\u0442\u044c": [0.05555555555555555, 0.05555555555555555, 0.05555555555555555, 0.05555555555555555, 0.05555555555555555, 0.05555555555555555, 0.05555555555555555, 0.05555555555555555, 0.05555555555555555, 0.05555555555555555, 0.05555555555555555, 0.05555555555555555, 0.05555555555555555, 0.05555555555555555, 0.05555555555555555, 0.05555555555555555, 0.05555555555555555, 0.05555555555555555], "\u0443\u0434\u0438\u0432\u043b\u0435\u043d\u0438\u0435": [0.05555555555555556, 0.05555555555555556, 0.05555555555555556, 0.05555555555555556, 0.05555555555555556, 0.05555555555555556, 0.05555555555555556, 0.05555555555555556, 0.05555555555555556, 0.05555555555555556, 0.05555555555555556, 0.05555555555555556, 0.05555555555555556, 0.05555555555555556, 0.05555555555555556, 0.05555555555555556, 0.05555555555555556, 0.05555555555555556], "\u043f\u043b\u0430\u043a\u0441\u0430": [0.055555555735741814, 0.05555555570567455, 0.055555555735741814, 0.055555555735741814, 0.055555555735741814, 0.055555555735741814, 0.055555555735741814, 0.055555555735741814, 0.055555555735741814, 0.055555555735741814, 0.055555555735741814, 0.055555555735741814, 0.055555555735741814, 0.0555555525228856, 0.05555555573531253, 0.055555555735741814, 0.055555555735741814, 0.055555555735741814], "\u043e\u0442\u0432\u0440\u0430\u0449\u0435\u043d\u0438\u0435": [0.055555555555557024, 0.05555555555555716, 0.05555555555555716, 0.05555555555555716, 0.05555555555555716, 0.05555555555555716, 0.05555555555555627, 0.05555555555555716, 0.05555555555553091, 0.05555555555555716, 0.05555555555555716, 0.05555555555555716, 0.05555555555555558, 0.05555555555555716, 0.05555555555555716, 0.05555555555555716, 0.05555555555555716, 0.05555555555555716]}, "between_variance": 0.0003099186994811677, "d-ratio-std": 0.5576463903156145}