{"within_std": 0.0707869007124184, "d-ratio": 1.6882043766934738, "between_variance": 0.08396594216176848, "d-ratio-std": 3.5491260409979177, "within_variance": 0.04973683478195017, "between_std": 0.1299200224033697, "weights": {"perplexity": [0.0777734003720528, 0.055197310267691604, 0.06647486757199406, 0.03431553611375725, 0.08020739132785663, 0.06994437442488699, 0.037903905860510144, 0.029248446024730743, 0.042889750376073316, 0.038703933281784605, 0.0630369895959551, 0.061828506227387156, 0.03564835619673143, 0.041427136625866307, 0.0442625752939783, 0.08082053280804086, 0.06715332255089757, 0.07316366507980517], "closed_eyes": [0.04894295577739933, 0.05200646493230789, 0.12560147412811457, 0.08137748456224116, 0.03184880006011731, 0.1421230491403573, 0.08857787831432255, 0.03607300465071699, 0.041506311219159486, 0.04989831203159216, 0.03319140545414792, 0.03905041323677333, 0.03830565719819791, 0.03775761576473423, 0.03760361832290878, 0.03090940288075773, 0.033984307895669315, 0.05124184443048207], "disregard": [0.08222798555191177, 0.11569970406419311, 0.0544548383143069, 0.0452605030243145, 0.04323156266651678, 0.04811426970233791, 0.036193441619210856, 0.03188732949007056, 0.07856376012078665, 0.05310754643628578, 0.03150490861857507, 0.04143350617193418, 0.07054674281159197, 0.0399334983061982, 0.06950895938453001, 0.03679293063698151, 0.04160367760866271, 0.07993483547159148], "amazement": [0.0441416866902126, 0.04256951942660762, 0.06610281831644745, 0.04176459240225738, 0.08606971689015905, 0.05851327322091905, 0.043811481322934664, 0.04119352292998872, 0.04183313923616755, 0.050271308977472964, 0.08366335894774447, 0.05759398695742108, 0.035643993897343275, 0.04194413507586448, 0.041393962177033915, 0.0976839230190155, 0.08112335375193032, 0.04468222676047989], "rage": [0.09567928182452304, 0.05929078238908207, 0.0473321050553636, 0.03814717994580411, 0.04496154538834482, 0.042264793619488275, 0.034332309673491684, 0.03791336572680759, 0.062021593460602334, 0.059489585842559686, 0.03618842188905205, 0.06543907226221884, 0.03707764707506816, 0.08617322427442081, 0.07922406287813395, 0.06026879583831904, 0.04147415770762712, 0.0727220751490928], "smile": [0.0598569166785897, 0.1364032027921553, 0.046547632723813744, 0.048024552958583454, 0.021484543613753956, 0.0423450290770598, 0.0367547974879562, 0.07957221431282277, 0.050744733114128186, 0.11337235466722952, 0.02671346856584275, 0.026299730164478296, 0.08808580404147599, 0.06237311974602206, 0.06098947370057582, 0.03004853417692794, 0.022550671347901292, 0.047833220830683254], "pain": [0.06719743162969655, 0.08266160296731405, 0.02999776869245981, 0.03832162902137543, 0.04822062987992091, 0.05414421093011615, 0.04329894057340905, 0.059015140358431306, 0.056227986409180176, 0.07484416362711559, 0.03560338026173764, 0.049676524211429006, 0.06686215912202749, 0.06992451721036408, 0.07297283244188084, 0.051959644206455685, 0.0378135417437129, 0.06125789671337325], "crybaby": [0.07095590452359442, 0.055104939724726305, 0.08756040229091155, 0.059041075291846955, 0.06283375400472023, 0.058263909560106686, 0.050289145702197925, 0.047260535696088644, 0.0481199948196778, 0.056426013051455594, 0.03756531190685643, 0.02966243356663684, 0.04955304787133493, 0.049823600752333295, 0.050463442984817565, 0.0659880422782305, 0.047860530827995164, 0.07322791514646924], "horror": [0.13544537925840425, 0.07172366955832372, 0.05269266669064287, 0.032318407626692525, 0.06166352378360001, 0.047587254970449584, 0.03344634588160039, 0.03313288993062788, 0.04708682794257196, 0.06410631164216941, 0.055452988453590424, 0.0458379885386506, 0.04099871561459886, 0.035764587620671064, 0.03588058094336283, 0.059685359113468145, 0.05911077804031014, 0.08806572439026526]}, "error": {"sup": 1.0, "inf": 0.1891891891891892}, "beta": null}