{"weights": {"\u043f\u043b\u0430\u043a\u0441\u0430": [0.05556571713007958, 0.05538602914051435, 0.05556571713007958, 0.05556571713007958, 0.05556571713007958, 0.05556571713007958, 0.05556571713007958, 0.05556571713007958, 0.05556571713007958, 0.05556571713007958, 0.05556571713007958, 0.05556571713007958, 0.05556571713007958, 0.05556571713007958, 0.05556571713007958, 0.05556571713007958, 0.05556272538834231, 0.05556548851994958], "\u0443\u0434\u0438\u0432\u043b\u0435\u043d\u0438\u0435": [0.05555572520784531, 0.05555572520780924, 0.055555725207853304, 0.05555572520785332, 0.05555566473553479, 0.0555557247307006, 0.05555572520776631, 0.05555351456470787, 0.05555564468638633, 0.05555569040119859, 0.05555572520785331, 0.05555572476134695, 0.055555060403898744, 0.055555724799038766, 0.0555557240555244, 0.0555557252074649, 0.05555572520783749, 0.055555725199379784], "\u0443\u0436\u0430\u0441": [0.05555555555555555, 0.05555555555555555, 0.05555555555555555, 0.05555555555555555, 0.05555555555555555, 0.05555555555555555, 0.05555555555555555, 0.05555555555555555, 0.05555555555555555, 0.05555555555555555, 0.05555555555555555, 0.05555555555555555, 0.05555555555555555, 0.05555555555555555, 0.05555555555555555, 0.05555555555555555, 0.05555555555555555, 0.05555555555555555], "\u043e\u0437\u0430\u0434\u0430\u0447\u0435\u043d\u043d\u043e\u0441\u0442\u044c": [0.05555555555555555, 0.05555555555555555, 0.05555555555555555, 0.05555555555555555, 0.05555555555555555, 0.05555555555555555, 0.05555555555555555, 0.05555555555555555, 0.05555555555555555, 0.05555555555555555, 0.05555555555555555, 0.05555555555555555, 0.05555555555555555, 0.05555555555555555, 0.05555555555555555, 0.05555555555555555, 0.05555555555555555, 0.05555555555555555], "\u0431\u043e\u043b\u044c": [0.05561011525223076, 0.05561011525223076, 0.05561011525223076, 0.05561011525223076, 0.05561011525223076, 0.05561011525223076, 0.05561011525223076, 0.05561011525223076, 0.05561011525223076, 0.05561011525223076, 0.05561011525223076, 0.05561011525223076, 0.05561011525223076, 0.05561011525223076, 0.05561011525223076, 0.05561011525223076, 0.05462804071207696, 0.05561011525223076], "\u044f\u0440\u043e\u0441\u0442\u044c": [0.05555555555555555, 0.05555555555555555, 0.05555555555555555, 0.05555555555555555, 0.05555555555555555, 0.05555555555555555, 0.05555555555555555, 0.05555555555555555, 0.05555555555555555, 0.05555555555555555, 0.05555555555555555, 0.05555555555555555, 0.05555555555555555, 0.05555555555555555, 0.05555555555555555, 0.05555555555555555, 0.05555555555555555, 0.05555555555555555], "\u0443\u043b\u044b\u0431\u043a\u0430": [0.055575734234693974, 0.055575734153235516, 0.05557573453168, 0.05557573453168, 0.05557573453168, 0.055575734195754345, 0.05557573453168, 0.05557573453168, 0.05557573453168, 0.05557573453168, 0.05557573453168, 0.05557573453168, 0.05557573453011979, 0.05557573448856772, 0.05557573453168, 0.05557573169498266, 0.05521251685416611, 0.05557573453167991], "\u043f\u0440\u0435\u043d\u0435\u0431\u0440\u0435\u0436\u0435\u043d\u0438\u0435": [0.05555556214057391, 0.05555556231922982, 0.0555555621064009, 0.05555556231560102, 0.055555562244505766, 0.05555556230823538, 0.05555556232015401, 0.05555556232015401, 0.05555556232015401, 0.055555562289555965, 0.05555556230502883, 0.055555529530566944, 0.05555556221346182, 0.05555554755362895, 0.05555549075613314, 0.0555555623201334, 0.055555562318379416, 0.05555556031810273], "\u0437\u0430\u043a\u0440\u044b\u043b \u0433\u043b\u0430\u0437\u0430": [0.05555606980356996, 0.05555623579618986, 0.05555622730272821, 0.055556228191622634, 0.05555593684597236, 0.055551974658492875, 0.055556235795178766, 0.05555623497528405, 0.055556232767565605, 0.055556235498205826, 0.05555623576557085, 0.05555623579618986, 0.05555578842561322, 0.05555261193806164, 0.05555591954592335, 0.05555312530145117, 0.05555623579618986, 0.05555623579618986]}, "between_variance": 5.636920809883967, "within_std": 1.336181195879875, "d-ratio": 1.3138071124991848, "error": {"sup": 1.0, "inf": 0.21621621621621623}, "choosing beta": [[1e-06, 1.376631300597705, 0.6384922606389858], [0.0001, 1.376630924250884, 0.6384920022372286], [0.01, 1.3765933047918906, 0.6384661794189318], [0.1, 1.3762550510324527, 0.6382352168161095], [1.0, 1.3730647600619286, 0.636135989186195], [10.0, 1.351960226558361, 0.6250138133706465], [100.0, 1.318144533258567, 0.6152908901558701], [1000.0, 1.3138071124991848, 0.613033585499442]], "between_std": 1.95867611452729, "within_variance": 4.290523895217126, "beta": 1000.0, "d-ratio-std": 0.613033585499442}