{"d-ratio-std": 0.5576463903156145, "weights": {"\u0431\u043e\u043b\u044c": [0.04987981583111783, 0.04985033416076143, 0.0647740601450927, 0.07887254665611293, 0.07539190233309978, 0.03904899600955422, 0.066354054487211, 0.07534875872881802, 0.059240155221411094, 0.06702178706164666, 0.05813004113356951, 0.04786478360705814, 0.047486010452234446, 0.0365434394715019, 0.060628806834679215, 0.04522645711488323, 0.026881643010077005, 0.05145640774117091], "\u0443\u0434\u0438\u0432\u043b\u0435\u043d\u0438\u0435": [0.0940358483112069, 0.06463544809597235, 0.06010281445779607, 0.07833906541773687, 0.032915982628146115, 0.07208260166425948, 0.046402621372318105, 0.03161078395097859, 0.03692423014657537, 0.03020808600923626, 0.061956797424346316, 0.040132898283688816, 0.04385742434923891, 0.07479949115793325, 0.037634825263972105, 0.08154724987850408, 0.06581355183951029, 0.04700027974858013], "\u043e\u0437\u0430\u0434\u0430\u0447\u0435\u043d\u043d\u043e\u0441\u0442\u044c": [0.08366995555227738, 0.06816675568601838, 0.06780971709522556, 0.07372319774928324, 0.03629099904418827, 0.053256102557735954, 0.06422429136135666, 0.04746804883991215, 0.07933036432525582, 0.040918652883257876, 0.06711413971144904, 0.03183867489068076, 0.048215297348758346, 0.049807355942966536, 0.030743975961328995, 0.06695064290015226, 0.059611101634439945, 0.030860726515712852], "\u043f\u0440\u0435\u043d\u0435\u0431\u0440\u0435\u0436\u0435\u043d\u0438\u0435": [0.03882225815276731, 0.05014670424410009, 0.08260472351169268, 0.08450189462349746, 0.03772924287377556, 0.04540183861520501, 0.09837668208152964, 0.08579063618251129, 0.08196943140033468, 0.06145849406857411, 0.05111920260714554, 0.041407733122877335, 0.037180775131410666, 0.03490798604129229, 0.02879708505273748, 0.05036908488221411, 0.055989986526645066, 0.03342624088168973], "\u0443\u0436\u0430\u0441": [0.05423227145208021, 0.033402778561035545, 0.10755864718032015, 0.16595204553390705, 0.0403939092488544, 0.04917227941934194, 0.07968561070183089, 0.036674138453647344, 0.0397214954237378, 0.04008517137213196, 0.09150033537048612, 0.02710811223134048, 0.03440554459377701, 0.04459130771289885, 0.03984520342310083, 0.05601146514989654, 0.0312615734347097, 0.02839811073690313], "\u0443\u043b\u044b\u0431\u043a\u0430": [0.03515985437499532, 0.054288408794561906, 0.05055541308210325, 0.059266215578541295, 0.05811493759458629, 0.025693719132105247, 0.12382831001133363, 0.05812099753904848, 0.04955838310444732, 0.0807688140321159, 0.10613210335103686, 0.04975534619512907, 0.027232476675832236, 0.029400160108441462, 0.07595940152506413, 0.025023343921392334, 0.05115085176936155, 0.03999126320990369], "\u043f\u043b\u0430\u043a\u0441\u0430": [0.07674591286639988, 0.03490348393070967, 0.07591284454760809, 0.06954516532461359, 0.055354063109031036, 0.051916110537632405, 0.06584702292929394, 0.056222321891962114, 0.040847760941802626, 0.058550455674510206, 0.06126719318644961, 0.05588302900400818, 0.03427039601608994, 0.04431943829315068, 0.056357803361179015, 0.06358207151846933, 0.06471138239052676, 0.03376354447656298], "\u0437\u0430\u043a\u0440\u044b\u043b \u0433\u043b\u0430\u0437\u0430": [0.028182598523896266, 0.15594283483785207, 0.04707930574910075, 0.04785807502896472, 0.033737397049506734, 0.02967456301428042, 0.05369159072360192, 0.03681962985760434, 0.038882388950189875, 0.040207322767444785, 0.05098719780790458, 0.07315924474260913, 0.03504338649505097, 0.02929802512574097, 0.03440711041284463, 0.027402790751555824, 0.15580580007424188, 0.08182073808761012], "\u044f\u0440\u043e\u0441\u0442\u044c": [0.05948283124996692, 0.04368200706547469, 0.04967581826137854, 0.0681350051135003, 0.10169862784379519, 0.044966166117366244, 0.050581630009837744, 0.098852881188052, 0.07575254859147709, 0.035830870517828385, 0.045462126158376776, 0.036508483481664855, 0.0856285434342626, 0.040498134483324025, 0.03811805811250317, 0.0450124399518323, 0.04448147329141034, 0.035632355127948934]}, "between_variance": 0.052184913577572295, "error": {"inf": 0.21621621621621623, "sup": 1.0}, "between_std": 0.019397343036285895, "within_std": 0.0060071971124462265, "beta": null, "d-ratio": 1.1422416320711557, "within_variance": 0.039510103797517154}