{"within_variance": 0.00027132499007168163, "between_variance": 0.0003099186994811677, "within_std": 7.922828795542508e-05, "between_std": 0.00012125534457052721, "d-ratio-std": 0.5576463903156145, "d-ratio": 1.1422416320711557, "error": {"inf": 0.8392857142857143, "sup": 1.0}, "beta": null, "weights": {"cheeks": {"up": [0.5353988023457499, 0.46460119765425006], "default": [0.5303989497288264, 0.4696010502711737]}, "eyes": {"closed": [0.31784277746869327, 0.24418934142205564, 0.25340779203420477, 0.1845600890750463], "default": [0.30723634799038857, 0.21417333859222537, 0.29658730178637954, 0.18200301163100652]}, "nostrils": {"up": [0.5072234112404735, 0.49277658875952646], "default": [0.5154101676687316, 0.48458983233126834]}, "eyebrows": {"up": [0.2756305894300165, 0.22322599982411523, 0.23809961875592384, 0.2630437919899445], "down": [0.30998474533097237, 0.19049814792315645, 0.21444600470910113, 0.28507110203677005], "default": [0.29279476395708653, 0.2335478521512944, 0.23205164142674153, 0.24160574246487743]}, "mouth": {"shifted": [0.2059378628507788, 0.1836632926950582, 0.17207619671917232, 0.21919148669724772, 0.21913116103774283], "open": [0.20001519612371937, 0.16699678739177062, 0.19129000258039472, 0.2554482430189932, 0.18624977088512215], "default": [0.1935656916198072, 0.15444497049941833, 0.19958342657030068, 0.23245235776693868, 0.219953553543535], "smile": [0.29139236162880305, 0.1381157765950451, 0.2631746754188198, 0.1584124960097533, 0.14890469034757883]}}}