{"weights": {"\u043f\u0440\u0435\u043d\u0435\u0431\u0440\u0435\u0436\u0435\u043d\u0438\u0435": [0.0865150949124074, 0.02401033412834822, 0.06350323713035204, 0.025006925138400016, 0.1387962138657627, 0.09285004582091588, 0.03435924975183179, 0.048858970516272686, 0.04592447097119782, 0.09595099949785404, 0.022260475446706326, 0.0288623709206046, 0.05362549466643612, 0.04549590938883211, 0.06884104473328097, 0.037472464369501884, 0.049804983232322256, 0.037861715508973125], "\u044f\u0440\u043e\u0441\u0442\u044c": [0.05530880002919672, 0.042128285326105255, 0.08447256575909476, 0.03717178975517388, 0.05319178269834991, 0.11387176423529263, 0.03853680297778446, 0.04608956252586214, 0.03345566558189658, 0.07892363851338974, 0.05083777173592019, 0.03233899516637863, 0.05631263806138877, 0.03916019719419313, 0.06314227858965975, 0.05765493834392847, 0.030461293067566238, 0.08694123043881868], "\u0442\u0430\u043a \u0441\u0435\u0431\u0435": [0.053632823787089924, 0.012539113175403113, 0.03677740596817537, 0.03905093495547042, 0.10374170987122491, 0.12327958510235404, 0.032373175516350175, 0.04282721447827311, 0.02508612595025659, 0.11508368484250169, 0.047710574712474904, 0.013078375225691824, 0.1407332103031666, 0.01594045231892783, 0.10925319740537484, 0.029935482032067064, 0.017236122015203515, 0.04172081233999407], "\u043e\u0437\u0430\u0434\u0430\u0447\u0435\u043d\u043d\u043e\u0441\u0442\u044c": [0.03338456333198904, 0.09182001389835392, 0.043165454379440284, 0.03721409067683779, 0.05254280729802271, 0.06189192366344721, 0.07529085883806302, 0.039776169100285384, 0.07578372265813892, 0.056148074466773834, 0.026018479630226743, 0.06630978036446628, 0.05112147672832668, 0.06677090351860653, 0.06255842105973834, 0.04647560049932877, 0.07929209958850898, 0.03443556029944555], "\u0443\u0434\u0438\u0432\u043b\u0435\u043d\u0438\u0435": [0.03524516325939354, 0.08648077318698158, 0.03321928740490904, 0.03731597183555266, 0.055293743195018626, 0.04526380081672105, 0.07759622837712792, 0.0337722052606992, 0.08916766486858282, 0.043705999838564186, 0.03585513740538119, 0.08291857719546537, 0.058583678574454956, 0.08627876989569179, 0.03500521075681319, 0.04496033860927937, 0.08465853354542609, 0.0346789159739375], "\u0437\u0430\u043a\u0440\u044b\u043b \u0433\u043b\u0430\u0437\u0430": [0.034716487973652586, 0.022767373020305317, 0.03109653999739559, 0.108670882482122, 0.05446593144572657, 0.04608376963405498, 0.168202264691297, 0.09663842502451117, 0.14987743828442365, 0.050506027531110984, 0.02867347439689216, 0.022046899987120137, 0.047769007593905795, 0.021883295640055776, 0.03492046637202527, 0.030487462012424738, 0.02057777447333176, 0.03061647943964448], "\u0443\u0436\u0430\u0441": [0.037877609776247566, 0.05049827135781577, 0.038560459758124804, 0.026887036071460535, 0.07945506578203933, 0.1751452627021011, 0.0389158417774263, 0.026673864193070985, 0.038584927194263284, 0.11145463112830871, 0.034778319845417786, 0.040844147600026415, 0.07710626887721798, 0.0477249593255071, 0.048236807545813574, 0.04099823766740831, 0.0517648782361397, 0.034493411161610664], "\u043e\u0442\u0432\u0440\u0430\u0449\u0435\u043d\u0438\u0435": [0.03349452839535992, 0.05337613512610075, 0.05938811648715467, 0.036875701880957484, 0.05456233030141616, 0.12924487298203238, 0.09140879353480404, 0.040630043482606217, 0.09398962943118395, 0.10636059367807882, 0.029634788471195835, 0.029864700789615367, 0.05468617016353683, 0.03082773571573525, 0.04786951716425357, 0.02841694947918469, 0.03774120139834404, 0.041628191518440126], "\u0431\u043e\u043b\u044c": [0.07644506248017031, 0.033653502212999724, 0.08993006919388942, 0.05692721877993171, 0.04915272187849269, 0.07303514685655506, 0.04605348261106761, 0.06431612230947749, 0.04944484123745939, 0.03769919007420738, 0.07266892525601559, 0.03135534430164942, 0.04128282662337865, 0.03583397702240723, 0.0710996810041307, 0.04785193263183909, 0.02810369551898019, 0.09514626000734845], "\u043f\u043b\u0430\u043a\u0441\u0430": [0.05242888615319894, 0.06883898373188604, 0.05255561689142568, 0.050023274298508204, 0.06259166869100644, 0.06278007358388696, 0.06574947370991302, 0.06805452102352405, 0.06686185602955601, 0.07014371445759114, 0.044790433724141314, 0.0331807029636606, 0.062016235132414256, 0.04095430224599345, 0.05152452762002788, 0.028066098216278635, 0.06528904141041973, 0.05415059011656772], "\u0443\u043b\u044b\u0431\u043a\u0430": [0.08248287575060993, 0.03359769021088309, 0.058107686853631095, 0.03717408547448788, 0.13113567062085735, 0.06829858055764017, 0.056063369431903896, 0.05248517035701632, 0.050191242000534264, 0.05240282173203186, 0.07214431179219176, 0.026276251998470387, 0.11076064279022628, 0.020372274288188944, 0.04887800473837219, 0.0210233718123944, 0.021512529595431828, 0.05709341999512828]}, "error": {"inf": 0.3103448275862069, "sup": 1.0}, "within_variance": 0.039510103797517154, "d-ratio": 1.1422416320711557, "beta": null, "within_std": 0.0060071971124462265, "between_std": 0.019397343036285895, "d-ratio-std": 0.5576463903156145, "between_variance": 0.052184913577572295}