{"d-ratio": 1.1422416320711557, "between_variance": 0.0003099186994811677, "within_variance": 0.00027132499007168163, "d-ratio-std": 0.5576463903156145, "weights": {"mouth": {"(undef)": [0.2675572807249124, 0.35800235212972786, 0.13542898342102738, 0.16230386898131122, 0.07670751474302115], "shifted": [0.2978319679137063, 0.14883092778346313, 0.1290560014079199, 0.18706384729962294, 0.2372172555952877], "open": [0.18986366700221213, 0.14051918602326144, 0.19082517515316882, 0.2775762274283432, 0.20121574439301435], "default": [0.23208997488703773, 0.15153346349427158, 0.1990840492726079, 0.20413971947458387, 0.21315279287149885], "smile": [0.2697893899950939, 0.1232859553850491, 0.25358106215279613, 0.1859794550454994, 0.16736413742156164]}, "cheeks": {"up": [0.5341058909717402, 0.4658941090282597], "down": [0.511312245106946, 0.48868775489305394], "default": [0.5174919011257401, 0.4825080988742598]}, "eyes": {"(undef)": [0.13032206660666723, 0.5870636833108468, 0.138780487052128, 0.14383376303035783], "closed": [0.32067035149079903, 0.1676050853765855, 0.3365437280257975, 0.17518083510681795], "default": [0.2781445189395066, 0.24402066736616237, 0.26194417708538, 0.2158906366089512]}, "eyebrows": {"(undef)": [0.39353486652793435, 0.16938745047591824, 0.17588703417052848, 0.26119064882561904], "up": [0.2764382560552366, 0.24193870882684534, 0.2479274948609895, 0.2336955402569286], "down": [0.30254813011511134, 0.19860104200650433, 0.22164102334528496, 0.27720980453309946], "default": [0.29738763264762963, 0.24727731318412477, 0.2248041363827511, 0.23053091778549442]}, "nostrils": {"(undef)": [0.886891813452197, 0.113108186547803], "up": [0.499822571654468, 0.5001774283455318], "down": [0.48347768640742705, 0.5165223135925728], "default": [0.5235309183984274, 0.47646908160157253]}}, "error": {"sup": 0.0, "inf": 0.0}, "between_std": 0.00012125534457052721, "within_std": 7.922828795542508e-05, "beta": null}