{"within_variance": 0.04973683478195017, "between_variance": 0.08396594216176848, "d-ratio-std": 3.5491260409979177, "error": {"sup": 1.0, "inf": 0.1891891891891892}, "within_std": 0.0707869007124184, "d-ratio": 1.6882043766934738, "weights": {"crybaby": [0.07095590452359442, 0.0551049397247263, 0.08756040229091155, 0.05904107529184696, 0.06283375400472023, 0.058263909560106686, 0.05028914570219792, 0.047260535696088644, 0.04811999481967779, 0.056426013051455594, 0.03756531190685643, 0.02966243356663684, 0.04955304787133493, 0.049823600752333295, 0.05046344298481756, 0.0659880422782305, 0.047860530827995164, 0.07322791514646926], "perplexity": [0.0777734003720528, 0.0551973102676916, 0.06647486757199404, 0.03431553611375725, 0.08020739132785662, 0.06994437442488698, 0.03790390586051014, 0.029248446024730743, 0.042889750376073316, 0.0387039332817846, 0.0630369895959551, 0.06182850622738714, 0.03564835619673143, 0.041427136625866307, 0.044262575293978285, 0.08082053280804086, 0.06715332255089755, 0.07316366507980515], "rage": [0.09567928182452304, 0.05929078238908207, 0.0473321050553636, 0.03814717994580411, 0.04496154538834482, 0.042264793619488275, 0.034332309673491684, 0.03791336572680759, 0.062021593460602334, 0.059489585842559686, 0.03618842188905205, 0.06543907226221884, 0.03707764707506816, 0.08617322427442081, 0.07922406287813395, 0.06026879583831904, 0.04147415770762712, 0.0727220751490928], "amazement": [0.0441416866902126, 0.04256951942660762, 0.06610281831644743, 0.04176459240225739, 0.08606971689015906, 0.05851327322091904, 0.043811481322934664, 0.041193522929988714, 0.04183313923616754, 0.050271308977472964, 0.08366335894774449, 0.057593986957421066, 0.03564399389734328, 0.04194413507586448, 0.04139396217703391, 0.0976839230190155, 0.08112335375193032, 0.04468222676047989], "disregard": [0.08222798555191177, 0.11569970406419311, 0.0544548383143069, 0.0452605030243145, 0.04323156266651678, 0.04811426970233791, 0.036193441619210856, 0.03188732949007056, 0.07856376012078665, 0.05310754643628578, 0.03150490861857507, 0.04143350617193418, 0.07054674281159197, 0.0399334983061982, 0.06950895938453001, 0.03679293063698151, 0.04160367760866271, 0.07993483547159148], "closed_eyes": [0.04894295577739933, 0.05200646493230789, 0.12560147412811457, 0.08137748456224116, 0.03184880006011731, 0.1421230491403573, 0.08857787831432255, 0.03607300465071699, 0.04150631121915948, 0.04989831203159216, 0.03319140545414792, 0.03905041323677333, 0.038305657198197916, 0.03775761576473423, 0.03760361832290878, 0.03090940288075773, 0.03398430789566931, 0.05124184443048207], "pain": [0.06719743162969656, 0.08266160296731406, 0.02999776869245981, 0.03832162902137543, 0.04822062987992093, 0.05414421093011617, 0.04329894057340906, 0.05901514035843131, 0.05622798640918019, 0.07484416362711561, 0.03560338026173765, 0.04967652421142902, 0.0668621591220275, 0.06992451721036408, 0.07297283244188085, 0.05195964420645569, 0.03781354174371291, 0.06125789671337326], "smile": [0.0598569166785897, 0.1364032027921553, 0.046547632723813744, 0.048024552958583454, 0.021484543613753956, 0.042345029077059795, 0.0367547974879562, 0.07957221431282277, 0.050744733114128186, 0.11337235466722952, 0.02671346856584275, 0.026299730164478296, 0.08808580404147599, 0.06237311974602206, 0.06098947370057582, 0.030048534176927936, 0.022550671347901292, 0.047833220830683254], "horror": [0.13544537925840425, 0.07172366955832372, 0.052692666690642875, 0.03231840762669253, 0.061663523783600016, 0.0475872549704496, 0.03344634588160039, 0.033132889930627886, 0.04708682794257196, 0.06410631164216941, 0.05545298845359043, 0.04583798853865061, 0.04099871561459886, 0.03576458762067108, 0.035880580943362834, 0.059685359113468145, 0.05911077804031015, 0.08806572439026528]}, "beta": null, "between_std": 0.1299200224033697}