{"beta": 100.0, "weights": {"\u043f\u0440\u0435\u043d\u0435\u0431\u0440\u0435\u0436\u0435\u043d\u0438\u0435": [0.05450736047683377, 0.05633006623218712, 0.05621435953738681, 0.05700721518942397, 0.05413789160153571, 0.055483492459222454, 0.058400757009814314, 0.0586420076024145, 0.05859323873789898, 0.0563710117452332, 0.05642160041361989, 0.053879366747612185, 0.05393113015358951, 0.053068052742508726, 0.05084551593173378, 0.056426451839871494, 0.05681112972697893, 0.05292935185213461], "\u0443\u0434\u0438\u0432\u043b\u0435\u043d\u0438\u0435": [0.057843192075377005, 0.05764616241773133, 0.058023413875485715, 0.05873953331480198, 0.05141827991086666, 0.05585809758978991, 0.057324281795474934, 0.04987766518086463, 0.05313408275691772, 0.05224020347218067, 0.05830254680661811, 0.055211148739627756, 0.05222441260541283, 0.05590444858588786, 0.0544655502941634, 0.05737169031004349, 0.05776012768509413, 0.05665516258366187], "\u043f\u043b\u0430\u043a\u0441\u0430": [0.057615576308092505, 0.0358394468178351, 0.05762435569376282, 0.05762398290307746, 0.05761628358803996, 0.05743002228112021, 0.057623079015294947, 0.0576204265124945, 0.057583484968207845, 0.05762068846136953, 0.057623906622620936, 0.057617325011449054, 0.05745812678447254, 0.05748040785207283, 0.05761440287469505, 0.057612165609524514, 0.04925552583253892, 0.05114079286333125], "\u043e\u0437\u0430\u0434\u0430\u0447\u0435\u043d\u043d\u043e\u0441\u0442\u044c": [0.055568652406891766, 0.055568645801501546, 0.05556864456977506, 0.05556864877350562, 0.055551084254297195, 0.05556832087066357, 0.05556844034450777, 0.05556711513747423, 0.055566633624002895, 0.05555976695782519, 0.055564770518376536, 0.055532146501458796, 0.055563659694251116, 0.05556812562600481, 0.05552160263795427, 0.05556864167094376, 0.05556858979271292, 0.055456510817852814], "\u0443\u043b\u044b\u0431\u043a\u0430": [0.05404094843994917, 0.0555917083296872, 0.0568187691741866, 0.056980928455077566, 0.05682955278148749, 0.052808345293972665, 0.05702658473352572, 0.05685405281231903, 0.05671227001782447, 0.05701405799630993, 0.05702103238977051, 0.056735205136678346, 0.054497761523872514, 0.05395895977510596, 0.056996748262974475, 0.051483081086326994, 0.052217243369519876, 0.05641275042141143], "\u044f\u0440\u043e\u0441\u0442\u044c": [0.055590505311826174, 0.05556945128865266, 0.05557438465615207, 0.0555914790903822, 0.05559168140799628, 0.05557052632472705, 0.055542427552536244, 0.05559168794122013, 0.055591584779661626, 0.05545457580622257, 0.05555739029457718, 0.055488228178428176, 0.05559167885689739, 0.055547929341796344, 0.05549338125990859, 0.055576692227192914, 0.05557054926577392, 0.05550584641604853], "\u0437\u0430\u043a\u0440\u044b\u043b \u0433\u043b\u0430\u0437\u0430": [0.05243169203147447, 0.059441134650631354, 0.05617715048628842, 0.056240962662832565, 0.05379279379420047, 0.05105931084647652, 0.057982529633751445, 0.05578641021709415, 0.05584794235876763, 0.05640522950366593, 0.057358820945593324, 0.059145599982295585, 0.05382531311460186, 0.0513115753998464, 0.05397488517940846, 0.0505000625178184, 0.05944091305355045, 0.05927767362170257], "\u0443\u0436\u0430\u0441": [0.055563555941048316, 0.05547270935131308, 0.05561215572923626, 0.05561215573107809, 0.05560512096839754, 0.05551274353051528, 0.055612143803470904, 0.05556758740590103, 0.05559919093844942, 0.055603399789217585, 0.05561215469357341, 0.055481832687133054, 0.05558144721681304, 0.055493506507336914, 0.05560487351348788, 0.05553414079036559, 0.05540730400357361, 0.05552397739908904], "\u0431\u043e\u043b\u044c": [0.056361369428272634, 0.056362223434136875, 0.05636196443204052, 0.05636276929280984, 0.05636264032218929, 0.05635198431930987, 0.0563626729193721, 0.05636267019132222, 0.05635964930197351, 0.056362524913978994, 0.05636206579815695, 0.056310609782887426, 0.056358202904388054, 0.05631892622870668, 0.05636231767450226, 0.05635671086915422, 0.04195897657300469, 0.0563617216137938]}, "within_variance": 0.04052713412222052, "d-ratio": 1.3769633414826106, "error": {"sup": 1.0, "inf": 0.21621621621621623}, "d-ratio-std": 0.5239434112040665, "between_variance": 0.055804378021646686, "choosing beta": [[1e-06, 1.3745565720208288, 0.512618420699702], [0.0001, 1.3745564326194069, 0.5126183399977846], [0.01, 1.3745527111692326, 0.5126169846140193], [0.1, 1.3737703410561852, 0.512448069414408], [1.0, 1.3725808346410637, 0.5124912512968898], [10.0, 1.3797507673683342, 0.5186215823075702], [100.0, 1.389211914517088, 0.529233000613487], [1000.0, 1.3769633414826106, 0.5239434112040665]], "within_std": 0.009707951209826128, "between_std": 0.016498172600966192}