{"error": {"sup": 1.0, "inf": 0.1891891891891892}, "between_variance": 0.08396594216176848, "within_variance": 0.04973683478195017, "weights": {"\u0443\u0436\u0430\u0441": [0.05423227145208021, 0.033402778561035545, 0.10755864718032017, 0.16595204553390705, 0.0403939092488544, 0.049172279419341956, 0.0796856107018309, 0.03667413845364735, 0.0397214954237378, 0.04008517137213197, 0.09150033537048612, 0.02710811223134049, 0.03440554459377701, 0.044591307712898855, 0.039845203423100835, 0.05601146514989655, 0.03126157343470971, 0.028398110736903136], "\u043f\u043b\u0430\u043a\u0441\u0430": [0.07674591286639987, 0.03490348393070967, 0.07591284454760806, 0.06954516532461358, 0.05535406310903102, 0.0519161105376324, 0.06584702292929394, 0.05622232189196211, 0.04084776094180262, 0.0585504556745102, 0.06126719318644961, 0.055883029004008176, 0.034270396016089937, 0.04431943829315068, 0.056357803361178994, 0.06358207151846933, 0.06471138239052676, 0.03376354447656298], "\u0431\u043e\u043b\u044c": [0.05308285507101609, 0.04672845917084742, 0.06810577928658072, 0.05029708047392928, 0.07945786441349924, 0.03181882769205442, 0.05527947904398428, 0.07146733035741994, 0.060921800333574756, 0.06837809142779415, 0.062415611095791135, 0.061729686593039394, 0.043075248882832484, 0.043487543167927384, 0.05491487665268696, 0.05498114745453883, 0.044717098534379544, 0.04914122034810389], "\u044f\u0440\u043e\u0441\u0442\u044c": [0.05948283124996691, 0.04368200706547469, 0.049675818261378527, 0.06813500511350029, 0.10169862784379519, 0.044966166117366244, 0.050581630009837744, 0.09885288118805197, 0.07575254859147706, 0.03583087051782838, 0.045462126158376776, 0.03650848348166484, 0.08562854343426257, 0.040498134483324025, 0.038118058112503156, 0.045012439951832295, 0.044481473291410334, 0.035632355127948934], "\u0443\u0434\u0438\u0432\u043b\u0435\u043d\u0438\u0435": [0.0940358483112069, 0.06463544809597235, 0.06010281445779607, 0.07833906541773687, 0.032915982628146115, 0.07208260166425948, 0.046402621372318105, 0.03161078395097859, 0.03692423014657537, 0.03020808600923626, 0.061956797424346316, 0.040132898283688816, 0.04385742434923891, 0.07479949115793325, 0.037634825263972105, 0.08154724987850408, 0.06581355183951029, 0.04700027974858013], "\u0443\u043b\u044b\u0431\u043a\u0430": [0.03515985437499532, 0.054288408794561906, 0.05055541308210325, 0.059266215578541295, 0.05811493759458628, 0.025693719132105247, 0.12382831001133363, 0.05812099753904848, 0.049558383104447316, 0.08076881403211589, 0.10613210335103686, 0.04975534619512907, 0.027232476675832236, 0.02940016010844146, 0.07595940152506413, 0.025023343921392334, 0.05115085176936155, 0.03999126320990369], "\u043f\u0440\u0435\u043d\u0435\u0431\u0440\u0435\u0436\u0435\u043d\u0438\u0435": [0.03882225815276731, 0.05014670424410009, 0.08260472351169268, 0.08450189462349746, 0.03772924287377556, 0.045401838615205005, 0.09837668208152964, 0.08579063618251127, 0.08196943140033468, 0.06145849406857411, 0.05111920260714554, 0.04140773312287733, 0.037180775131410666, 0.03490798604129229, 0.02879708505273748, 0.05036908488221411, 0.055989986526645066, 0.03342624088168973], "\u0437\u0430\u043a\u0440\u044b\u043b \u0433\u043b\u0430\u0437\u0430": [0.028182598523896266, 0.15594283483785212, 0.04707930574910075, 0.047858075028964726, 0.033737397049506734, 0.02967456301428042, 0.05369159072360191, 0.03681962985760434, 0.038882388950189875, 0.040207322767444785, 0.05098719780790458, 0.07315924474260911, 0.03504338649505096, 0.02929802512574097, 0.03440711041284463, 0.027402790751555824, 0.15580580007424186, 0.08182073808761013], "\u043e\u0437\u0430\u0434\u0430\u0447\u0435\u043d\u043d\u043e\u0441\u0442\u044c": [0.08366995555227737, 0.06816675568601836, 0.06780971709522554, 0.07372319774928321, 0.03629099904418826, 0.053256102557735954, 0.06422429136135664, 0.047468048839912146, 0.0793303643252558, 0.04091865288325787, 0.06711413971144903, 0.031838674890680756, 0.04821529734875833, 0.049807355942966536, 0.030743975961328992, 0.06695064290015225, 0.05961110163443993, 0.030860726515712852]}, "between_std": 0.1299200224033697, "d-ratio": 1.6882043766934738, "within_std": 0.0707869007124184, "d-ratio-std": 3.5491260409979177, "beta": null}