{"weights": {"eyebrows": {"default": [0.29738763264762963, 0.24727731318412477, 0.2248041363827511, 0.23053091778549442], "(undef)": [0.39353486652793435, 0.16938745047591824, 0.17588703417052848, 0.26119064882561904], "up": [0.2764382560552366, 0.24193870882684534, 0.2479274948609895, 0.2336955402569286], "down": [0.30254813011511134, 0.19860104200650433, 0.22164102334528496, 0.27720980453309946]}, "mouth": {"smile": [0.2697893899950939, 0.1232859553850491, 0.25358106215279613, 0.1859794550454994, 0.16736413742156164], "open": [0.18986366700221216, 0.14051918602326144, 0.19082517515316882, 0.27757622742834326, 0.20121574439301435], "(undef)": [0.2675572807249124, 0.35800235212972786, 0.13542898342102738, 0.16230386898131122, 0.07670751474302115], "shifted": [0.29783196791370636, 0.14883092778346313, 0.12905600140791987, 0.18706384729962294, 0.2372172555952877], "default": [0.23208997488703773, 0.15153346349427158, 0.1990840492726079, 0.2041397194745839, 0.21315279287149885]}, "cheeks": {"up": [0.5341058909717402, 0.4658941090282597], "default": [0.5174919011257401, 0.4825080988742598], "down": [0.511312245106946, 0.48868775489305394]}, "eyes": {"closed": [0.31977245639080165, 0.19272736618054612, 0.2897796908141295, 0.1977204866145227], "default": [0.2804803101291699, 0.2311629201686416, 0.29669758120679984, 0.19165918849538865]}, "nostrils": {"up": [0.49448013355078924, 0.5055198664492108], "default": [0.5188457980392189, 0.48115420196078107], "down": [0.48347768640742705, 0.5165223135925728]}}, "within_variance": 0.00027132499007168163, "d-ratio": 1.1422416320711557, "d-ratio-std": 0.5576463903156145, "between_std": 0.00012125534457052721, "beta": null, "error": {"inf": 0.0, "sup": 0.0}, "between_variance": 0.0003099186994811677, "within_std": 7.922828795542508e-05}