{"error": {"inf": 0.1891891891891892, "sup": 1.0}, "beta": null, "between_std": 0.1299200224033697, "weights": {"\u044f\u0440\u043e\u0441\u0442\u044c": [0.059482831249966735, 0.043682007065474704, 0.0496758182613785, 0.06813500511350026, 0.1016986278437952, 0.04496616611736633, 0.05058163000983769, 0.09885288118805194, 0.07575254859147706, 0.035830870517828475, 0.04546212615837667, 0.036508483481664876, 0.08562854343426254, 0.04049813448332411, 0.03811805811250318, 0.04501243995183232, 0.0444814732914104, 0.03563235512794887], "\u0437\u0430\u043a\u0440\u044b\u043b \u0433\u043b\u0430\u0437\u0430": [0.028182598523896124, 0.15594283483785207, 0.04707930574910087, 0.047858075028964664, 0.033737397049506776, 0.029674563014280432, 0.05369159072360175, 0.03681962985760434, 0.038882388950189896, 0.04020732276744471, 0.05098719780790457, 0.07315924474260914, 0.035043386495050975, 0.029298025125741072, 0.034407110412844714, 0.02740279075155605, 0.15580580007424175, 0.08182073808761012], "\u043f\u0440\u0435\u043d\u0435\u0431\u0440\u0435\u0436\u0435\u043d\u0438\u0435": [0.038822258152767526, 0.050146704244099866, 0.08260472351169285, 0.08450189462349743, 0.03772924287377563, 0.04540183861520507, 0.0983766820815295, 0.08579063618251132, 0.08196943140033469, 0.06145849406857414, 0.05111920260714563, 0.041407733122877356, 0.03718077513141067, 0.03490798604129223, 0.028797085052737495, 0.05036908488221384, 0.055989986526645046, 0.0334262408816897], "\u043e\u0437\u0430\u0434\u0430\u0447\u0435\u043d\u043d\u043e\u0441\u0442\u044c": [0.08366995555227741, 0.06816675568601831, 0.06780971709522561, 0.07372319774928325, 0.03629099904418828, 0.05325610255773598, 0.06422429136135666, 0.04746804883991215, 0.07933036432525582, 0.04091865288325784, 0.06711413971144913, 0.03183867489068075, 0.04821529734875835, 0.04980735594296652, 0.030743975961328926, 0.0669506429001523, 0.05961110163443993, 0.03086072651571293], "\u0443\u0434\u0438\u0432\u043b\u0435\u043d\u0438\u0435": [0.09403584831120682, 0.06463544809597226, 0.0601028144577961, 0.07833906541773686, 0.03291598262814619, 0.07208260166425949, 0.0464026213723181, 0.03161078395097858, 0.03692423014657541, 0.030208086009236353, 0.061956797424346385, 0.040132898283688864, 0.0438574243492389, 0.07479949115793319, 0.037634825263972056, 0.08154724987850398, 0.06581355183951032, 0.047000279748580134], "\u0443\u0436\u0430\u0441": [0.05423227145208024, 0.03340277856103555, 0.1075586471803202, 0.16595204553390705, 0.04039390924885441, 0.049172279419341984, 0.07968561070183085, 0.036674138453647386, 0.0397214954237378, 0.0400851713721319, 0.09150033537048613, 0.02710811223134051, 0.034405544593777, 0.04459130771289882, 0.039845203423100765, 0.05601146514989672, 0.03126157343470959, 0.02839811073690314], "\u043f\u043b\u0430\u043a\u0441\u0430": [0.07674591286639978, 0.034903483930709696, 0.07591284454760809, 0.06954516532461356, 0.05535406310903102, 0.05191611053763245, 0.06584702292929394, 0.056222321891962114, 0.04084776094180264, 0.05855045567451018, 0.06126719318644969, 0.05588302900400816, 0.03427039601608994, 0.04431943829315068, 0.0563578033611791, 0.06358207151846934, 0.06471138239052675, 0.033763544476562955], "\u0443\u043b\u044b\u0431\u043a\u0430": [0.03515985437499522, 0.05428840879456187, 0.05055541308210326, 0.05926621557854129, 0.058114937594586295, 0.02569371913210527, 0.12382831001133363, 0.0581209975390485, 0.049558383104447316, 0.08076881403211593, 0.10613210335103682, 0.04975534619512911, 0.02723247667583224, 0.029400160108441504, 0.07595940152506407, 0.025023343921392348, 0.051150851769361586, 0.039991263209903725], "\u0431\u043e\u043b\u044c": [0.05308285507101609, 0.046728459170847385, 0.06810577928658076, 0.050297080473929286, 0.0794578644134993, 0.03181882769205441, 0.05527947904398423, 0.07146733035741994, 0.060921800333574756, 0.06837809142779412, 0.06241561109579119, 0.06172968659303942, 0.04307524888283251, 0.043487543167927405, 0.05491487665268698, 0.05498114745453888, 0.04471709853437956, 0.04914122034810383]}, "d-ratio-std": 3.5491260409979177, "within_variance": 0.04973683478195017, "d-ratio": 1.6882043766934738, "between_variance": 0.08396594216176848, "within_std": 0.0707869007124184}