{"d-ratio-std": 0.5576463903156145, "beta": null, "d-ratio": 1.1422416320711557, "between_std": 0.00012125534457052721, "weights": {"\u044f\u0440\u043e\u0441\u0442\u044c": [0.05389428625754231, 0.11684126825180552, 0.0, 0.05049706127813567, 0.0, 0.037014190222745935, 0.04449236451427873, 0.11445872846144989, 0.053466939436470344, 0.07735747764440054, 0.06192477825576326, 0.10666643444311041, 0.033410903815441075, 0.04700773448795252, 0.0, 0.0, 0.09283236325595819, 0.11013546967494559], "\u043d\u0430\u0434\u0443\u0442\u044b\u0435 \u0433\u0443\u0431\u044b": [0.03646210427828929, 0.05879452705345266, 0.0, 0.06929658974988916, 0.0, 0.028544617664885294, 0.0856565549471326, 0.1626778453224434, 0.053551036985778365, 0.05544449395515186, 0.15806011352744306, 0.08008323980014705, 0.03525958392804185, 0.03466321990552653, 0.0, 0.0, 0.08294168703641203, 0.05856438584540689], "\u0437\u0430\u043a\u0440\u044b\u043b \u0433\u043b\u0430\u0437\u0430": [0.03711109195764212, 0.062105193794507296, 0.0, 0.1297709200461729, 0.0, 0.07005558225410143, 0.12640274590574369, 0.10911147573263422, 0.030866418074433775, 0.03939135218220681, 0.10102278463039341, 0.056712737651030735, 0.07845601943290836, 0.04017346523757387, 0.0, 0.0, 0.06708162285124335, 0.051738590249408016], "\u0431\u043e\u043b\u044c": [0.04624432401341874, 0.10282143959612558, 0.0, 0.06624322387785475, 0.0, 0.0849077995197013, 0.07907128988021107, 0.09453631709195398, 0.048332097967439924, 0.05401339338834914, 0.052981308711778474, 0.10394976110127022, 0.08948841925004684, 0.03753608738299605, 0.0, 0.0, 0.07770424813970545, 0.062170290079148496], "\u0443\u043b\u044b\u0431\u043a\u0430": [0.03575045661934784, 0.06907790459162728, 0.0, 0.13754126295518596, 0.0, 0.08546939235113318, 0.14252840793947838, 0.07204029669909322, 0.039029742168144234, 0.05411744216971546, 0.06332379601991574, 0.07091066041797288, 0.09481554880128976, 0.04015187268773434, 0.0, 0.0, 0.06639719563365654, 0.028846020945705268], "\u043f\u0440\u0435\u043d\u0435\u0431\u0440\u0435\u0436\u0435\u043d\u0438\u0435": [0.06403251735030253, 0.08545084451458197, 0.0, 0.06857289041798609, 0.0, 0.028423562087635704, 0.13396884848731533, 0.10391260291308098, 0.07233554842312906, 0.05170183915851503, 0.08077625706848157, 0.046637558081606564, 0.07488390260159151, 0.048157152249323466, 0.0, 0.0, 0.09154198252041702, 0.04960449412603319], "\u0442\u0430\u043a \u0441\u0435\u0431\u0435": [0.05565024327910691, 0.04517105076203516, 0.0, 0.1148454199142862, 0.0, 0.05447941551790068, 0.09981192162862809, 0.10985930217436532, 0.04228339214390854, 0.054083526051459455, 0.12161971119946187, 0.05359995793539738, 0.054427026430373726, 0.0624086996541738, 0.0, 0.0, 0.09153015449017, 0.0402301788187329], "\u0443\u0434\u0438\u0432\u043b\u0435\u043d\u0438\u0435": [0.10301771161262012, 0.04452776342594312, 0.0, 0.07719954627812967, 0.0, 0.05044761565193094, 0.07215866377321306, 0.05887862752369273, 0.1094451789561099, 0.12320017287798715, 0.056926327931003814, 0.04577016070733425, 0.04816570573418813, 0.10656774148460799, 0.0, 0.0, 0.0438025972006135, 0.05989218684262567], "\u0443\u0436\u0430\u0441": [0.07677438241251855, 0.033552869840001, 0.0, 0.0824588088003193, 0.0, 0.04004796673352185, 0.0827987342414493, 0.16021997526842466, 0.0846577555321933, 0.07835952815337775, 0.09996659219658155, 0.03957428620244859, 0.04335930660557017, 0.07288788652337846, 0.0, 0.0, 0.05192135534213465, 0.053420552148080835], "\u043e\u0442\u0432\u0440\u0430\u0449\u0435\u043d\u0438\u0435": [0.028876216008599815, 0.08430874557848649, 0.0, 0.09845188378325713, 0.0, 0.03460728331630809, 0.09066653630436339, 0.22419756400854457, 0.04178456095987813, 0.048827948199028415, 0.16859801933015384, 0.02235697226505343, 0.031435205792787066, 0.025774377224116796, 0.0, 0.0, 0.06920712287328508, 0.030907564356137764], "\u043f\u043b\u0430\u043a\u0441\u0430": [0.058882831725184825, 0.06872995449359633, 0.0, 0.07262528634202726, 0.0, 0.05278583623824908, 0.07711390708201867, 0.10442612090016912, 0.08504504946217649, 0.07618946848161177, 0.09934711538709758, 0.07713772869252132, 0.06890173539292938, 0.04438064626126021, 0.0, 0.0, 0.08104394356505844, 0.03339037597609953], "\u0437\u0430\u0442\u0430\u0438\u0442\u044c \u0437\u043b\u043e\u0431\u0443": [0.01714147204165092, 0.043685718808720075, 0.0, 0.11828402914627259, 0.0, 0.06849634596088162, 0.12470447145477713, 0.1742098830471335, 0.028288287159078482, 0.022121626884318034, 0.18156804976219537, 0.04931403182250845, 0.08094444361090561, 0.013185222989033435, 0.0, 0.0, 0.05358458298317068, 0.02447183432935416], "\u043e\u0437\u0430\u0434\u0430\u0447\u0435\u043d\u043d\u043e\u0441\u0442\u044c": [0.10604428021954419, 0.049365357145430167, 0.0, 0.05094766424184466, 0.0, 0.031103803754697873, 0.06834969927375427, 0.07329982219055906, 0.12276849670794432, 0.12306764495666721, 0.09365544102390838, 0.04864555666888578, 0.03712626144745781, 0.08245831552842732, 0.0, 0.0, 0.05275209730010339, 0.060415559540775536]}, "error": {"sup": 1.0, "inf": 0.8392857142857143}, "within_variance": 0.00027132499007168163, "between_variance": 0.0003099186994811677, "within_std": 7.922828795542508e-05}