{"error": {"inf": 0.1891891891891892, "sup": 1.0}, "weights": {"\u043f\u0440\u0435\u043d\u0435\u0431\u0440\u0435\u0436\u0435\u043d\u0438\u0435": [0.05450736047683377, 0.05633006623218712, 0.05621435953738681, 0.05700721518942397, 0.05413789160153571, 0.055483492459222454, 0.058400757009814314, 0.0586420076024145, 0.05859323873789898, 0.0563710117452332, 0.05642160041361989, 0.053879366747612185, 0.05393113015358951, 0.053068052742508726, 0.05084551593173378, 0.056426451839871494, 0.05681112972697893, 0.05292935185213461], "\u044f\u0440\u043e\u0441\u0442\u044c": [0.05559050531182616, 0.055569451288652656, 0.05557438465615206, 0.055591479090382194, 0.05559168140799627, 0.055570526324727046, 0.055542427552536244, 0.05559168794122013, 0.05559158477966162, 0.05545457580622257, 0.05555739029457717, 0.05548822817842817, 0.05559167885689739, 0.05554792934179634, 0.05549338125990858, 0.05557669222719291, 0.055570549265773914, 0.05550584641604851], "\u0431\u043e\u043b\u044c": [0.05635823366486318, 0.05635902445877138, 0.05635855802642184, 0.041958992048929784, 0.05635919076016769, 0.05630606554552564, 0.05635836087502013, 0.05635918791719219, 0.05635918256849113, 0.05635919026388203, 0.05635899158529659, 0.056359145716073096, 0.05635750318382778, 0.05635760306376391, 0.05635903806022891, 0.05635440596426484, 0.056358255713565446, 0.056359070583714366], "\u043f\u043b\u0430\u043a\u0441\u0430": [0.05761557630809252, 0.03583944681783511, 0.05762435569376282, 0.057623982903077464, 0.05761628358803997, 0.057430022281120215, 0.05762307901529495, 0.057620426512494514, 0.057583484968207845, 0.057620688461369536, 0.057623906622620936, 0.05761732501144906, 0.05745812678447255, 0.05748040785207283, 0.05761440287469505, 0.05761216560952453, 0.04925552583253892, 0.051140792863331265], "\u043e\u0437\u0430\u0434\u0430\u0447\u0435\u043d\u043d\u043e\u0441\u0442\u044c": [0.05556865240689178, 0.05556864580150156, 0.055568644569775075, 0.05556864877350563, 0.05555108425429721, 0.05556832087066359, 0.05556844034450778, 0.05556711513747424, 0.0555666336240029, 0.0555597669578252, 0.05556477051837655, 0.05553214650145881, 0.05556365969425113, 0.05556812562600483, 0.055521602637954276, 0.055568641670943775, 0.05556858979271293, 0.05545651081785283], "\u0443\u0434\u0438\u0432\u043b\u0435\u043d\u0438\u0435": [0.057843192075377005, 0.05764616241773133, 0.05802341387548572, 0.05873953331480198, 0.051418279910866664, 0.05585809758978991, 0.05732428179547494, 0.04987766518086463, 0.053134082756917736, 0.05224020347218067, 0.05830254680661811, 0.055211148739627756, 0.05222441260541283, 0.05590444858588787, 0.05446555029416341, 0.057371690310043494, 0.05776012768509413, 0.05665516258366188], "\u0443\u043b\u044b\u0431\u043a\u0430": [0.05404094843994919, 0.055591708329687205, 0.056818769174186615, 0.056980928455077566, 0.056829552781487505, 0.052808345293972665, 0.057026584733525724, 0.056854052812319034, 0.05671227001782447, 0.05701405799630993, 0.05702103238977051, 0.05673520513667835, 0.054497761523872514, 0.05395895977510596, 0.056996748262974475, 0.051483081086326994, 0.052217243369519876, 0.05641275042141144], "\u0443\u0436\u0430\u0441": [0.055563555941048316, 0.05547270935131307, 0.05561215572923625, 0.055612155731078076, 0.05560512096839753, 0.055512743530515274, 0.055612143803470904, 0.055567587405901016, 0.055599190938449415, 0.05560339978921758, 0.05561215469357339, 0.05548183268713305, 0.055581447216813025, 0.0554935065073369, 0.05560487351348786, 0.05553414079036559, 0.05540730400357361, 0.05552397739908904], "\u0437\u0430\u043a\u0440\u044b\u043b \u0433\u043b\u0430\u0437\u0430": [0.05243169203147447, 0.059441134650631354, 0.05617715048628842, 0.056240962662832565, 0.05379279379420047, 0.05105931084647652, 0.057982529633751445, 0.05578641021709415, 0.055847942358767624, 0.05640522950366593, 0.057358820945593324, 0.059145599982295585, 0.05382531311460186, 0.0513115753998464, 0.05397488517940846, 0.0505000625178184, 0.05944091305355045, 0.05927767362170257]}, "between_variance": 0.08800284727061299, "d-ratio": 1.0647000669522282, "beta": 100.0, "d-ratio-std": 2.2252187413188342, "within_std": 0.12234105654440622, "within_variance": 0.08265505939388804, "between_std": 0.1298532161503997}