{"choosing beta": [[1e-06, 1.376631300597705, 0.6384922606389858], [0.0001, 1.376630924250884, 0.6384920022372286], [0.01, 1.3765933047918906, 0.6384661794189318], [0.1, 1.3762550510324527, 0.6382352168161095], [1.0, 1.3730647600619283, 0.6361359891861949], [10.0, 1.351960226558361, 0.6250138133706465], [100.0, 1.318144533258567, 0.61529089015587], [1000.0, 1.3138071124991852, 0.6130335854994421]], "within_std": 1.3361811958798755, "within_variance": 4.290523895217126, "d-ratio": 1.3138071124991852, "beta": 1000.0, "weights": {"\u0443\u0436\u0430\u0441": [0.05555555555555555, 0.05555555555555555, 0.05555555555555555, 0.05555555555555555, 0.05555555555555555, 0.05555555555555555, 0.05555555555555555, 0.05555555555555555, 0.05555555555555555, 0.05555555555555555, 0.05555555555555555, 0.05555555555555555, 0.05555555555555555, 0.05555555555555555, 0.05555555555555555, 0.05555555555555555, 0.05555555555555555, 0.05555555555555555], "\u043e\u0437\u0430\u0434\u0430\u0447\u0435\u043d\u043d\u043e\u0441\u0442\u044c": [0.05555555555555555, 0.05555555555555555, 0.05555555555555555, 0.05555555555555555, 0.05555555555555555, 0.05555555555555555, 0.05555555555555555, 0.05555555555555555, 0.05555555555555555, 0.05555555555555555, 0.05555555555555555, 0.05555555555555555, 0.05555555555555555, 0.05555555555555555, 0.05555555555555555, 0.05555555555555555, 0.05555555555555555, 0.05555555555555555], "\u0443\u043b\u044b\u0431\u043a\u0430": [0.055575734234693974, 0.05557573415323552, 0.05557573453168001, 0.05557573453168001, 0.05557573453168001, 0.05557573419575435, 0.05557573453168001, 0.05557573453168001, 0.05557573453168001, 0.05557573453168001, 0.05557573453168001, 0.05557573453168001, 0.05557573453011979, 0.05557573448856772, 0.05557573453168001, 0.055575731694982665, 0.05521251685416611, 0.05557573453167991], "\u043f\u0440\u0435\u043d\u0435\u0431\u0440\u0435\u0436\u0435\u043d\u0438\u0435": [0.055555562140573916, 0.05555556231922982, 0.0555555621064009, 0.05555556231560102, 0.05555556224450577, 0.05555556230823538, 0.05555556232015401, 0.05555556232015401, 0.05555556232015401, 0.055555562289555965, 0.05555556230502883, 0.055555529530566944, 0.055555562213461814, 0.05555554755362895, 0.055555490756133134, 0.055555562320133395, 0.05555556231837941, 0.05555556031810273], "\u0431\u043e\u043b\u044c": [0.05561011525223077, 0.05561011525223077, 0.05561011525223077, 0.05561011525223077, 0.05561011525223077, 0.05561011525223077, 0.05561011525223077, 0.05561011525223077, 0.05561011525223077, 0.05561011525223077, 0.05561011525223077, 0.05561011525223077, 0.05561011525223077, 0.05561011525223077, 0.05561011525223077, 0.05561011525223077, 0.05462804071207696, 0.05561011525223077], "\u0437\u0430\u043a\u0440\u044b\u043b \u0433\u043b\u0430\u0437\u0430": [0.05555606980356997, 0.05555623579618985, 0.05555622730272821, 0.055556228191622634, 0.05555593684597237, 0.055551974658492875, 0.05555623579517877, 0.05555623497528406, 0.055556232767565605, 0.05555623549820583, 0.05555623576557085, 0.05555623579618985, 0.05555578842561323, 0.05555261193806164, 0.05555591954592335, 0.05555312530145117, 0.05555623579618985, 0.05555623579618985], "\u043f\u043b\u0430\u043a\u0441\u0430": [0.05556571713007958, 0.05538602914051435, 0.05556571713007958, 0.05556571713007958, 0.05556571713007958, 0.05556571713007958, 0.05556571713007958, 0.05556571713007958, 0.05556571713007958, 0.05556571713007958, 0.05556571713007958, 0.05556571713007958, 0.05556571713007958, 0.05556571713007958, 0.05556571713007958, 0.05556571713007958, 0.05556272538834231, 0.05556548851994958], "\u0443\u0434\u0438\u0432\u043b\u0435\u043d\u0438\u0435": [0.055555725207845304, 0.05555572520780924, 0.055555725207853304, 0.05555572520785332, 0.05555566473553479, 0.0555557247307006, 0.05555572520776631, 0.05555351456470787, 0.05555564468638633, 0.05555569040119859, 0.05555572520785331, 0.05555572476134695, 0.055555060403898744, 0.055555724799038766, 0.0555557240555244, 0.0555557252074649, 0.05555572520783749, 0.05555572519937978], "\u044f\u0440\u043e\u0441\u0442\u044c": [0.05555555555555555, 0.05555555555555555, 0.05555555555555555, 0.05555555555555555, 0.05555555555555555, 0.05555555555555555, 0.05555555555555555, 0.05555555555555555, 0.05555555555555555, 0.05555555555555555, 0.05555555555555555, 0.05555555555555555, 0.05555555555555555, 0.05555555555555555, 0.05555555555555555, 0.05555555555555555, 0.05555555555555555, 0.05555555555555555]}, "between_std": 1.95867611452729, "error": {"inf": 0.21621621621621623, "sup": 1.0}, "between_variance": 5.636920809883969, "d-ratio-std": 0.6130335854994421}