{"fps_used": [3, 4, 5, 6, 7, 8, 9, 10, 11, 12, 13, 14, 15, 16, 17, 18, 19, 20, 21, 22, 23, 24], "rstd_got": [0.6335745017574117, 0.6591634824850646, 0.6414387088635236, 0.6630078999360356, 0.6520190011172242, 0.6673695004529657, 0.6614120234550322, 0.6676968529375978, 0.6584722935939412, 0.6633426035373121, 0.6665021980219354, 0.6563181070379875, 0.6618849892928294, 0.6552446033584094, 0.6534774467694369, 0.6473119757415934, 0.6478317344102265, 0.6437351726835883, 0.6453428523945834, 0.6401873389213815, 0.6402161957422527, 0.6384922632539928], "r_got": [1.381974882656086, 1.3979080837593036, 1.3886443886394664, 1.3861273672143317, 1.3764779480535214, 1.389988993128115, 1.3883173615391076, 1.3977669379605737, 1.3978188991084464, 1.3968937581428724, 1.3972924909259143, 1.3919407412508493, 1.3952033668782844, 1.3877872593805844, 1.3866981480253198, 1.380687420277475, 1.3799218233716637, 1.3781101888605773, 1.3780541194335447, 1.3746323787445436, 1.3739158234524014, 1.3766313044099514]}