{"rstd_got": [1.1200006100323578, 1.1078445501386402, 3.3350189836493334, 2.9951727812199715, 3.283307700789285, 3.293535904660101, 3.3286044277480396, 3.33557493526611, 3.352100422558986, 3.381422586629763, 3.4130898190759513, 3.4125076879198333, 3.413249211655092, 3.431442979444887, 3.435838854084304, 3.434066323717202, 3.4377344017106353, 3.4348450589203536, 3.439735286662063, 3.440671987486584, 3.4423959879105714, 3.437233798104239, 3.462255832756346], "r_got": [1.3440557299436846, 1.3272018048963639, 1.6942072702358273, 1.6036712863224638, 1.6283251611779828, 1.6761756105769572, 1.6855529837229197, 1.6890982212254826, 1.6986762970446665, 1.7088987316733788, 1.717964813289183, 1.7214962857855878, 1.7209432642047724, 1.7222853329453665, 1.72259588956641, 1.7227826338150227, 1.7202838120995, 1.7199046255891082, 1.7199829590396745, 1.7205819474243471, 1.7205866978927529, 1.7188136579011115, 1.7244013137216434], "fps_used": [2, 3, 4, 5, 6, 7, 8, 9, 10, 11, 12, 13, 14, 15, 16, 17, 18, 19, 20, 21, 22, 23, 24]}