{"wthnvars": [null, null, null], "btwvar_stds": [0.18475876382230627, 0.1847607151401505, 0.18494694406574533], "duration": 14289, "wthnvar_stds": [null, null, null], "ratios_stds": [0.18475876382230627, 0.1847607151401505, 0.18494694406574533], "betas_used": [1e-06, 0.0001, 0.01], "ratios": [0.4797192393475612, 0.4797193236265229, 0.47974308554614264], "btwvars": [0.4797192393475612, 0.4797193236265229, 0.47974308554614264]}