{"wthnvars": [null, null, null, null, null, null, null, null, null, null], "ratios_stds": [0.18475876382230627, 0.1847607151401505, 0.18494694406574533, 0.18668085740519208, 0.19950837950618738, 0.2153192827782581, 0.21860942274312908, 0.21860936387500002, 0.21860936387500002, 0.21860936387500002], "betas_used": [1e-06, 0.0001, 0.01, 0.1, 1.0, 10.0, 100.0, 1000.0, 10000.0, 100000.0], "duration": 64017, "btwvars": [0.4797192393475612, 0.4797193236265229, 0.47974308554614264, 0.48000695992793146, 0.4802390204709811, 0.47175622550668916, 0.47038286184039946, 0.47038269532489807, 0.47038269532489807, 0.47038269532489807], "ratios": [0.4797192393475612, 0.4797193236265229, 0.47974308554614264, 0.48000695992793146, 0.4802390204709811, 0.47175622550668916, 0.47038286184039946, 0.47038269532489807, 0.47038269532489807, 0.47038269532489807], "btwvar_stds": [0.18475876382230627, 0.1847607151401505, 0.18494694406574533, 0.18668085740519208, 0.19950837950618738, 0.2153192827782581, 0.21860942274312908, 0.21860936387500002, 0.21860936387500002, 0.21860936387500002], "wthnvar_stds": [null, null, null, null, null, null, null, null, null, null]}