{"ratios": [0.4797192393475612, 0.4797193236265229, 0.47974308554614276, 0.48000695992793146, 0.4802390204709811], "btwvars": [0.4797192393475612, 0.4797193236265229, 0.47974308554614276, 0.48000695992793146, 0.4802390204709811], "btwvar_stds": [0.18475876382230627, 0.1847607151401505, 0.18494694406574533, 0.18668085740519208, 0.19950837950618738], "betas_used": [1e-06, 0.0001, 0.01, 0.1, 1.0], "duration": 108640, "ratios_stds": [0.18475876382230627, 0.1847607151401505, 0.18494694406574533, 0.18668085740519208, 0.19950837950618738], "wthnvars": [null, null, null, null, null], "wthnvar_stds": [null, null, null, null, null]}