{"rstd_got": [0.19877323429795113, 0.1923651174386938, 0.1933802134586002, 0.19276123110749416, 0.1917095557773548, 0.19066847177622875, 0.18962193929530533, 0.18874715979982856, 0.18796043357389264], "fps_used": [1, 3, 5, 7, 9, 11, 13, 15, 17], "r_got": [0.6638978221413161, 0.611171310280049, 0.5736983467160837, 0.5503827238726097, 0.5345522868428169, 0.523122514406435, 0.5145283060201045, 0.507722339907508, 0.5022368781079611]}