{"ratios_stds": [5.463679212459576, 5.463661249864325, 5.463283639139152, 5.4654378916170545, 5.569669297301855, 6.468103497871993, 6.76746713392717, 6.711151819499112, 5.650979664856615, 5.650979664856615], "ratios": [13.801931215903696, 13.801924105827483, 13.803373537649772, 13.82305783184415, 14.119207482946017, 15.759553467722514, 16.112842446821663, 15.74047804803838, 13.100375309253392, 13.100375309253392], "betas_used": [1e-06, 0.0001, 0.01, 0.1, 1.0, 10.0, 100.0, 1000.0, 10000.0, 100000.0], "wthnvar_stds": [0.008672184898321087, 0.008672177921614052, 0.008671491026300722, 0.00867666170026219, 0.008637340525709084, 0.00886125911964595, 0.008321127235583516, 0.008296982520660781, 0.008296982520660584, 0.008296982520660584], "btwvar_stds": [0.38001614644061404, 0.3800130654264599, 0.37980736505299145, 0.37834846445716946, 0.37025954317223103, 0.3664414957092836, 0.3653528277868582, 0.3630489689329423, 0.30615280717871085, 0.30615280717871085], "btwvars": [1.006458850340548, 1.0064540973495224, 1.0061360112588638, 1.0038400004159775, 0.9882162912202164, 0.955473795070989, 0.9266036925823998, 0.9049208866886741, 0.7531412454325901, 0.7531412454325901], "wthnvars": [0.07292159586919439, 0.0729212890632093, 0.07289058783452826, 0.07262069019948925, 0.06999091786234038, 0.06062822763525094, 0.05750715279694036, 0.05749005105988174, 0.05749005105988163, 0.05749005105988163], "duration": 33107}