{"betas_used": [1e-06, 0.0001, 0.01, 0.1, 1.0, 10.0, 100.0, 1000.0, 10000.0, 100000.0], "ratios": [13.801931215903696, 13.801924105827483, 13.803373537649772, 13.728208381780581, 13.735163654419024, 13.0593, 13.10068471501427, 13.102478562023368, 13.101777477766726, 13.101426935638392], "btwvar_stds": [0.38001614644061404, 0.3800130654264599, 0.37980736505299145, 0.37385301736566934, 0.3537593604119056, 0.34521266591578526, 0.3060985533999889, 0.3061257053714874, 0.3061347448803785, 0.3061392625448003], "wthnvar_stds": [0.008672184898321087, 0.008672177921614052, 0.008671491026300722, 0.00867666170026219, 0.00863734052570908, 0.008861259119645946, 0.008321127235583516, 0.008296982520660781, 0.008296982520660584, 0.008296982520660584], "duration": 14834, "wthnvars": [0.07292159586919439, 0.0729212890632093, 0.07289058783452826, 0.07262069019948925, 0.06999091786234038, 0.06062822763525094, 0.05750715279694036, 0.05749005105988174, 0.05749005105988163, 0.05749005105988163], "ratios_stds": [5.463679212459576, 5.463661249864325, 5.463283639139152, 5.403010038300924, 5.331005749338278, 6.0974268571266945, 5.650268016251327, 5.650636988551841, 5.6507513014669986, 5.650808425118496], "btwvars": [1.006458850340548, 1.0064540973495224, 1.0061360112588638, 0.9969519678873192, 0.9613367111622448, 0.791761, 0.7533830776508667, 0.7532621615417293, 0.7532218561720162, 0.7532017034871596]}