{"d-ratio-std": 5.8353041518917985, "between_std": 0.43250145246512595, "beta": null, "within_std": 0.009405417278731116, "between_variance": 0.9897494224121987, "d-ratio": 12.857208277361385, "error": {"inf": 0.0, "sup": 0.0}, "within_variance": 0.07655001345377224, "weights": {"LeftHandPullDown": [0.0, 0.0, 0.0, 0.0, 0.0, 0.2146081962766126, 0.34970621463836415, 0.38572998596190355, 0.0, 0.01180918179553567, 0.019493939538025338, 0.01865248178955862, 0.0, 0.0, 0.0, 0.0, 0.0, 0.0, 0.0, 0.0], "LeftHandSwipeRight": [0.0, 0.0, 0.0, 0.0, 0.0, 0.16843010318588875, 0.3214287786108938, 0.40723881960673447, 0.0, 0.024600085000485133, 0.03639265690179255, 0.041909556694205444, 0.0, 0.0, 0.0, 0.0, 0.0, 0.0, 0.0, 0.0], "RightHandPullDown": [0.0, 0.0, 0.0, 0.0, 0.0, 0.0062756410623190555, 0.019552610609801117, 0.023695191664660577, 0.0, 0.17686462970972996, 0.3776645482288137, 0.3959473787246756, 0.0, 0.0, 0.0, 0.0, 0.0, 0.0, 0.0, 0.0], "LeftHandPushUp": [0.0, 0.0, 0.0, 0.0, 0.0, 0.1743394495918676, 0.3483765645911156, 0.4144104842138532, 0.0, 0.01232287455423536, 0.027502468272832238, 0.023048158776096096, 0.0, 0.0, 0.0, 0.0, 0.0, 0.0, 0.0, 0.0], "RightHandSwipeLeft": [0.0, 0.0, 0.0, 0.0, 0.0, 0.01803063408798378, 0.030662712526969487, 0.06168913271926632, 0.0, 0.1281629552928764, 0.3255813118498924, 0.43587325352301154, 0.0, 0.0, 0.0, 0.0, 0.0, 0.0, 0.0, 0.0], "RightHandWave": [0.0, 0.0, 0.0, 0.0, 0.0, 0.013568414734624439, 0.02519387791047681, 0.027721932043512417, 0.0, 0.15861036723479996, 0.3424303027823, 0.43247510529428634, 0.0, 0.0, 0.0, 0.0, 0.0, 0.0, 0.0, 0.0], "RightHandPushUp": [0.0, 0.0, 0.0, 0.0, 0.0, 0.009293516895506804, 0.03238900823594952, 0.023261199524955374, 0.0, 0.17714350061316353, 0.3668032076928619, 0.39110956703756283, 0.0, 0.0, 0.0, 0.0, 0.0, 0.0, 0.0, 0.0], "LeftHandWave": [0.0, 0.0, 0.0, 0.0, 0.0, 0.16415206564178142, 0.357889818843316, 0.4071199681320985, 0.0, 0.016587570403080988, 0.0258524609604698, 0.02839811601925336, 0.0, 0.0, 0.0, 0.0, 0.0, 0.0, 0.0, 0.0]}}