{"d-ratio-std": null, "error": {"inf": 0.0, "sup": 0.0}, "within_std": 0.0031048463887448875, "between_std": 0.15524425784638554, "within_variance": 0.024030483873191337, "d-ratio": null, "between_variance": 0.17931380114220477, "beta": null, "weights": {"LeftHandPushUp": [0.0, 0.0, 0.0, 0.0, 0.0, 0.17649122826752933, 0.35646790334408923, 0.3983612936301908, 0.0, 0.012863463143715519, 0.030520845938167836, 0.02529526567630731, 0.0, 0.0, 0.0, 0.0, 0.0, 0.0, 0.0, 0.0], "LeftHandWave": [0.0, 0.0, 0.0, 0.0, 0.0, 0.17080252923130304, 0.35550421626659623, 0.39831730524967573, 0.0, 0.017799173018110813, 0.027512311191479795, 0.03006446504283444, 0.0, 0.0, 0.0, 0.0, 0.0, 0.0, 0.0, 0.0], "RightHandSwipeLeft": [0.0, 0.0, 0.0, 0.0, 0.0, 0.01883213476127671, 0.032762537430306146, 0.0707314306275054, 0.0, 0.12780917934562291, 0.32056568243732275, 0.42929903539796604, 0.0, 0.0, 0.0, 0.0, 0.0, 0.0, 0.0, 0.0], "RightHandWave": [0.0, 0.0, 0.0, 0.0, 0.0, 0.013861969207068824, 0.02695545577550103, 0.02936929024515645, 0.0, 0.17132969659559388, 0.3346722638949123, 0.42381132428176754, 0.0, 0.0, 0.0, 0.0, 0.0, 0.0, 0.0, 0.0], "RightHandPullDown": [0.0, 0.0, 0.0, 0.0, 0.0, 0.006239103950412507, 0.020162920757054805, 0.026126316652187256, 0.0, 0.1859408358322483, 0.38892106198859955, 0.3726097608194977, 0.0, 0.0, 0.0, 0.0, 0.0, 0.0, 0.0, 0.0], "RightHandPushUp": [0.0, 0.0, 0.0, 0.0, 0.0, 0.009240591125004066, 0.03433434542231096, 0.023557667043686975, 0.0, 0.17306344188032047, 0.3872435023636358, 0.3725604521650417, 0.0, 0.0, 0.0, 0.0, 0.0, 0.0, 0.0, 0.0], "LeftHandSwipeRight": [0.0, 0.0, 0.0, 0.0, 0.0, 0.1712457778885931, 0.31598299238410166, 0.39878208340537363, 0.0, 0.026432445516106063, 0.040550965808629415, 0.04700573499719612, 0.0, 0.0, 0.0, 0.0, 0.0, 0.0, 0.0, 0.0], "LeftHandPullDown": [0.0, 0.0, 0.0, 0.0, 0.0, 0.2161876248798454, 0.3491463521122565, 0.3811209455376716, 0.0, 0.012788557518124015, 0.020853907987008886, 0.019902611965093568, 0.0, 0.0, 0.0, 0.0, 0.0, 0.0, 0.0, 0.0]}}