{"d-ratio-std": 6.688393988830353, "error": {"inf": 0.0, "sup": 0.0}, "d-ratio": 13.594351487484923, "within_variance": 0.07394795027615875, "within_std": 0.023244033968996144, "weights": {"RightHandSwipeLeft": [0.0, 0.0, 0.0, 0.0, 0.0, 0.018632071199362547, 0.03170669582092234, 0.06986424344742262, 0.0, 0.12754693900998187, 0.32207059897552937, 0.4301794515467813, 0.0, 0.0, 0.0, 0.0, 0.0, 0.0, 0.0, 0.0], "RightHandWave": [0.0, 0.0, 0.0, 0.0, 0.0, 0.01380497314110932, 0.026771300974782086, 0.0292988265123694, 0.0, 0.17143606928277655, 0.33487467014932804, 0.42381415993963467, 0.0, 0.0, 0.0, 0.0, 0.0, 0.0, 0.0, 0.0], "LeftHandPullDown": [0.0, 0.0, 0.0, 0.0, 0.0, 0.21696131734228324, 0.34914837067049004, 0.38107754361446367, 0.0, 0.012723419260137987, 0.020595645885627137, 0.0194937032269979, 0.0, 0.0, 0.0, 0.0, 0.0, 0.0, 0.0, 0.0], "LeftHandPushUp": [0.0, 0.0, 0.0, 0.0, 0.0, 0.17618503066088953, 0.35450817747555907, 0.4020277553907667, 0.0, 0.012807843751767103, 0.02943245979028357, 0.025038732930734137, 0.0, 0.0, 0.0, 0.0, 0.0, 0.0, 0.0, 0.0], "LeftHandSwipeRight": [0.0, 0.0, 0.0, 0.0, 0.0, 0.17129257710915738, 0.31718216586926534, 0.4005060912673066, 0.0, 0.025673735018888588, 0.039563555428940675, 0.045781875306441414, 0.0, 0.0, 0.0, 0.0, 0.0, 0.0, 0.0, 0.0], "RightHandPullDown": [0.0, 0.0, 0.0, 0.0, 0.0, 0.00613933121958028, 0.020014373148321666, 0.0257309640198006, 0.0, 0.18650129022013154, 0.3869330047226927, 0.37468103666947317, 0.0, 0.0, 0.0, 0.0, 0.0, 0.0, 0.0, 0.0], "LeftHandWave": [0.0, 0.0, 0.0, 0.0, 0.0, 0.17124875857395558, 0.3556364164064769, 0.3984277459681394, 0.0, 0.017667789410654142, 0.02724288749351945, 0.029776402147254508, 0.0, 0.0, 0.0, 0.0, 0.0, 0.0, 0.0, 0.0], "RightHandPushUp": [0.0, 0.0, 0.0, 0.0, 0.0, 0.009180924195054927, 0.033797539799670505, 0.0233656921011024, 0.0, 0.1743522366214246, 0.38788186605114666, 0.37142174123160093, 0.0, 0.0, 0.0, 0.0, 0.0, 0.0, 0.0, 0.0]}, "beta": null, "between_variance": 1.0052744278331598, "between_std": 0.38049194275322307}