{"weights": {"LeftHandSwipeRight": [0.0, 0.0, 0.0, 0.0, 0.0, 0.1717124962955662, 0.3158158205713799, 0.397831297529669, 0.0, 0.026591785234211244, 0.040782641643985845, 0.04726595872518783, 0.0, 0.0, 0.0, 0.0, 0.0, 0.0, 0.0, 0.0], "RightHandPullDown": [0.0, 0.0, 0.0, 0.0, 0.0, 0.006309260845038609, 0.020377834345142003, 0.026391491591522133, 0.0, 0.18682979541179157, 0.38807801960830124, 0.3720135981982044, 0.0, 0.0, 0.0, 0.0, 0.0, 0.0, 0.0, 0.0], "LeftHandPullDown": [0.0, 0.0, 0.0, 0.0, 0.0, 0.21687721586817874, 0.34875606822088606, 0.38027964219998234, 0.0, 0.012920380533001282, 0.021064020485324325, 0.0201026726926273, 0.0, 0.0, 0.0, 0.0, 0.0, 0.0, 0.0, 0.0], "RightHandSwipeLeft": [0.0, 0.0, 0.0, 0.0, 0.0, 0.018947269743003183, 0.03295316854288299, 0.0710760645386645, 0.0, 0.1283004748185596, 0.32049520109176166, 0.42822782126512804, 0.0, 0.0, 0.0, 0.0, 0.0, 0.0, 0.0, 0.0], "LeftHandPushUp": [0.0, 0.0, 0.0, 0.0, 0.0, 0.17735178926327871, 0.3559931261611049, 0.39728070255145626, 0.0, 0.012999413869933347, 0.03082155195563845, 0.025553416198588294, 0.0, 0.0, 0.0, 0.0, 0.0, 0.0, 0.0, 0.0], "RightHandWave": [0.0, 0.0, 0.0, 0.0, 0.0, 0.01400380747019785, 0.027218943508399217, 0.029652551673393493, 0.0, 0.1721471168678204, 0.33455128444886106, 0.422426296031328, 0.0, 0.0, 0.0, 0.0, 0.0, 0.0, 0.0, 0.0], "RightHandPushUp": [0.0, 0.0, 0.0, 0.0, 0.0, 0.009341901725903622, 0.03467069840739235, 0.023804953866429234, 0.0, 0.17395459233844326, 0.38633371200127115, 0.3718941416605604, 0.0, 0.0, 0.0, 0.0, 0.0, 0.0, 0.0, 0.0], "LeftHandWave": [0.0, 0.0, 0.0, 0.0, 0.0, 0.17166653470510318, 0.355015893720278, 0.39716496882096364, 0.0, 0.01798861016610435, 0.027793958772532774, 0.030370033815018096, 0.0, 0.0, 0.0, 0.0, 0.0, 0.0, 0.0, 0.0]}, "between_std": 31.86459073744187, "within_variance": 4.26050656096408, "beta": 0.01, "between_variance": 63.353429274317435, "d-ratio-std": 9.138816888910364, "within_std": 1.506271552130289, "error": {"sup": 0.0, "inf": 0.0}, "d-ratio": 14.863494182321412}