{"within_std": 0.558394611189856, "d-ratio-std": 7.897093277290125, "between_std": 31.836305020877543, "between_variance": 61.40887610380122, "within_variance": 4.164073549793519, "weights": {"RightHandWave": [0.0, 0.0, 0.0, 0.0, 0.0, 0.01380497314110932, 0.026771300974782083, 0.0292988265123694, 0.0, 0.1714360692827765, 0.3348746701493281, 0.42381415993963467, 0.0, 0.0, 0.0, 0.0, 0.0, 0.0, 0.0, 0.0], "RightHandPullDown": [0.0, 0.0, 0.0, 0.0, 0.0, 0.00613933121958028, 0.020014373148321666, 0.0257309640198006, 0.0, 0.18650129022013154, 0.38693300472269276, 0.37468103666947317, 0.0, 0.0, 0.0, 0.0, 0.0, 0.0, 0.0, 0.0], "LeftHandWave": [0.0, 0.0, 0.0, 0.0, 0.0, 0.17124875857395555, 0.35563641640647686, 0.39842774596813946, 0.0, 0.017667789410654142, 0.027242887493519455, 0.029776402147254508, 0.0, 0.0, 0.0, 0.0, 0.0, 0.0, 0.0, 0.0], "RightHandPushUp": [0.0, 0.0, 0.0, 0.0, 0.0, 0.009180924195054927, 0.033797539799670505, 0.0233656921011024, 0.0, 0.1743522366214246, 0.3878818660511466, 0.37142174123160093, 0.0, 0.0, 0.0, 0.0, 0.0, 0.0, 0.0, 0.0], "LeftHandSwipeRight": [0.0, 0.0, 0.0, 0.0, 0.0, 0.17129257710915738, 0.3171821658692654, 0.4005060912673065, 0.0, 0.02567373501888858, 0.039563555428940675, 0.045781875306441414, 0.0, 0.0, 0.0, 0.0, 0.0, 0.0, 0.0, 0.0], "LeftHandPushUp": [0.0, 0.0, 0.0, 0.0, 0.0, 0.17618503066088953, 0.354508177475559, 0.40202775539076663, 0.0, 0.012807843751767103, 0.02943245979028357, 0.025038732930734133, 0.0, 0.0, 0.0, 0.0, 0.0, 0.0, 0.0, 0.0], "RightHandSwipeLeft": [0.0, 0.0, 0.0, 0.0, 0.0, 0.018632071199362547, 0.03170669582092233, 0.06986424344742262, 0.0, 0.12754693900998187, 0.32207059897552937, 0.4301794515467812, 0.0, 0.0, 0.0, 0.0, 0.0, 0.0, 0.0, 0.0], "LeftHandPullDown": [0.0, 0.0, 0.0, 0.0, 0.0, 0.21696131734228324, 0.34914837067049004, 0.38107754361446367, 0.0, 0.012723419260137989, 0.020595645885627137, 0.0194937032269979, 0.0, 0.0, 0.0, 0.0, 0.0, 0.0, 0.0, 0.0]}, "beta": null, "d-ratio": 14.747308223421332, "error": {"sup": 0.0, "inf": 0.0}}