{"d-ratio": 13.05928517469147, "d-ratio-std": 5.253398594542519, "beta": 10, "within_std": 0.008861259119645947, "between_variance": 0.7917613143248523, "weights": {"LeftHandWave": [0.0, 0.0, 0.0, 0.0, 0.0, 0.18424161276051668, 0.18424398716858242, 0.18424398717133905, 0.0, 0.1298091860828337, 0.15651846635926092, 0.16094276045746725, 0.0, 0.0, 0.0, 0.0, 0.0, 0.0, 0.0, 0.0], "RightHandWave": [0.0, 0.0, 0.0, 0.0, 0.0, 0.11280227416501065, 0.15553340392473164, 0.1592994734781709, 0.0, 0.1907816723034648, 0.19079158801638157, 0.19079158811224042, 0.0, 0.0, 0.0, 0.0, 0.0, 0.0, 0.0, 0.0], "RightHandPushUp": [0.0, 0.0, 0.0, 0.0, 0.0, 0.09122435284576048, 0.17361620708700526, 0.1519089520040612, 0.0, 0.1944159692260418, 0.19441725941927945, 0.19441725941785176, 0.0, 0.0, 0.0, 0.0, 0.0, 0.0, 0.0, 0.0], "LeftHandPushUp": [0.0, 0.0, 0.0, 0.0, 0.0, 0.190859631006116, 0.19086103004798213, 0.1908610300638947, 0.0, 0.1105620509180665, 0.16305245005400618, 0.15380380790993453, 0.0, 0.0, 0.0, 0.0, 0.0, 0.0, 0.0, 0.0], "LeftHandSwipeRight": [0.0, 0.0, 0.0, 0.0, 0.0, 0.18508822015846915, 0.18519868373409368, 0.18519883770858492, 0.0, 0.12857181223533126, 0.15485415945264203, 0.161088286710879, 0.0, 0.0, 0.0, 0.0, 0.0, 0.0, 0.0, 0.0], "LeftHandPullDown": [0.0, 0.0, 0.0, 0.0, 0.0, 0.19833678164465385, 0.19833764028204784, 0.19833764029525644, 0.0, 0.11306748383811689, 0.14816797418936248, 0.14375247975056252, 0.0, 0.0, 0.0, 0.0, 0.0, 0.0, 0.0, 0.0], "RightHandSwipeLeft": [0.0, 0.0, 0.0, 0.0, 0.0, 0.10410130045606762, 0.14287429401198937, 0.17494612402189152, 0.0, 0.19207269541931232, 0.19300261607917174, 0.1930029700115674, 0.0, 0.0, 0.0, 0.0, 0.0, 0.0, 0.0, 0.0], "RightHandPullDown": [0.0, 0.0, 0.0, 0.0, 0.0, 0.07119331083361055, 0.15253256617827526, 0.16224254629785284, 0.0, 0.20467634439471996, 0.20467761614879004, 0.20467761614675134, 0.0, 0.0, 0.0, 0.0, 0.0, 0.0, 0.0, 0.0]}, "between_std": 0.2967379997454492, "within_variance": 0.06062822763525094, "error": {"inf": 0.0, "sup": 0.0}}