{"between_variance": 1.0052744278331598, "within_variance": 0.07394795027615875, "error": {"inf": 0.0, "sup": 0.0}, "weights": {"LeftHandPullDown": [0.0, 0.0, 0.0, 0.0, 0.0, 1.0978509723096694e-26, 0.12499999820720169, 0.8750000017927981, 0.0, 6.5564284750732855e-106, 2.0894665059378255e-104, 7.930040358112154e-103, 0.0, 0.0, 0.0, 0.0, 0.0, 0.0, 0.0, 0.0], "RightHandPullDown": [0.0, 0.0, 0.0, 0.0, 0.0, 9.184447290970158e-101, 3.61683592864591e-97, 1.0706022251223187e-92, 0.0, 3.900233427564607e-49, 0.7489338556682285, 0.25106614433177155, 0.0, 0.0, 0.0, 0.0, 0.0, 0.0, 0.0, 0.0], "LeftHandPushUp": [0.0, 0.0, 0.0, 0.0, 0.0, 2.1391998454371707e-48, 0.12407216823592968, 0.8759278317640703, 0.0, 3.7710964123221163e-112, 8.640518119849623e-104, 8.343353962030017e-108, 0.0, 0.0, 0.0, 0.0, 0.0, 0.0, 0.0, 0.0], "RightHandPushUp": [0.0, 0.0, 0.0, 0.0, 0.0, 4.731769663879742e-102, 8.674417755133824e-92, 1.94921558718932e-100, 0.0, 5.2281503952939273e-51, 0.634486376820836, 0.365513623179164, 0.0, 0.0, 0.0, 0.0, 0.0, 0.0, 0.0, 0.0], "LeftHandSwipeRight": [0.0, 0.0, 0.0, 0.0, 0.0, 2.593963348095806e-39, 5.41934715871038e-12, 0.9999999999945807, 0.0, 1.350985820507726e-70, 2.0390831062504268e-68, 4.867679749665004e-65, 0.0, 0.0, 0.0, 0.0, 0.0, 0.0, 0.0, 0.0], "LeftHandWave": [0.0, 0.0, 0.0, 0.0, 0.0, 8.403573292222971e-57, 4.324786712169694e-07, 0.9999995675213289, 0.0, 4.148559488185219e-113, 8.939535177296876e-108, 2.0001250854198117e-109, 0.0, 0.0, 0.0, 0.0, 0.0, 0.0, 0.0, 0.0], "RightHandWave": [0.0, 0.0, 0.0, 0.0, 0.0, 7.879780429803638e-113, 1.0776536597096778e-109, 1.4794931479668312e-107, 0.0, 2.4103314632245273e-52, 2.2532693856132986e-20, 1.0, 0.0, 0.0, 0.0, 0.0, 0.0, 0.0, 0.0, 0.0], "RightHandSwipeLeft": [0.0, 0.0, 0.0, 0.0, 0.0, 6.542447187898667e-70, 4.3858684934036325e-65, 8.135719364432626e-62, 0.0, 4.868495000007414e-49, 2.337415150819459e-18, 1.0, 0.0, 0.0, 0.0, 0.0, 0.0, 0.0, 0.0, 0.0]}, "beta": -100, "d-ratio": 13.594351487484923, "d-ratio-std": 6.688393988830353, "within_std": 0.023244033968996144, "between_std": 0.38049194275322307}