{"fps_used": [2, 3, 4, 5, 6, 7, 8, 9, 10, 11, 12, 13, 14, 15, 16, 17, 18, 19, 20, 21, 22, 23, 24, 25, 26, 27, 28, 29, 30], "r_got": [4.817626728123273, 6.696469277669025, 8.129391201060542, 9.064313630270977, 9.739968135291548, 10.377826133718683, 11.132103726370284, 11.33634673886211, 11.592627601543812, 12.0710106386554, 12.068397537085284, 12.292965419243725, 12.273262574961896, 12.548712750870356, 12.721821285853746, 12.744137789454077, 12.774421136807842, 12.799648724609911, 12.792237820087072, 12.857208277361385, 13.220998747700246, 13.180738109331305, 13.240357830849568, 13.298645374635058, 13.332831689326131, 13.403137827372301, 13.357124057662816, 13.533173055871485, 13.605428045859204], "rstd_got": [2.3084743501587286, 3.231860877270729, 3.7959611972897522, 4.23615408776781, 4.52766013155086, 4.820497399851366, 5.054806546006544, 5.181945535797628, 5.343301253492783, 5.471310738066962, 5.479482687694648, 5.5450513106436645, 5.60126193020988, 5.696826322030202, 5.7637812959082115, 5.7897332808655975, 5.785102556816671, 5.8195978355982865, 5.833362679644258, 5.8353041518917985, 5.2966105425517584, 5.296206681948304, 5.323848628019702, 5.341159842747936, 5.294771369125121, 5.335439227813803, 5.343764836829509, 5.407256167837514, 5.426944160425389]}