{"r_got": [4.817626728123273, 6.696469277669025, 8.129391201060542, 9.064313630270977, 9.739968135291548, 10.377826133718683, 11.132103726370284, 11.33634673886211, 11.592627601543812, 12.0710106386554, 12.068397537085284, 12.292965419243725, 12.273262574961896, 12.548712750870356, 12.721821285853746, 12.744137789454077, 12.774421136807842, 12.799648724609911, 12.792237820087072, 12.857208277361385], "fps_used": [2, 3, 4, 5, 6, 7, 8, 9, 10, 11, 12, 13, 14, 15, 16, 17, 18, 19, 20, 21], "rstd_got": [2.3084743501587286, 3.231860877270729, 3.7959611972897522, 4.23615408776781, 4.52766013155086, 4.820497399851366, 5.054806546006544, 5.181945535797628, 5.343301253492783, 5.471310738066962, 5.479482687694648, 5.5450513106436645, 5.60126193020988, 5.696826322030202, 5.7637812959082115, 5.7897332808655975, 5.785102556816671, 5.8195978355982865, 5.833362679644258, 5.8353041518917985]}