{"r_got": [0.6638978221413161], "rstd_got": [0.19877323429795113], "fps_used": [1]}