{"wthnvars": [0.0729215958691944, 0.07292128906320929, 0.07289058783452826, 0.07262069019948925, 0.06999091786234038, 0.06062822763525094, 0.05750715279694036, 0.057490051059881746, 0.057490051059881635, 0.057490051059881635], "btwvars": [1.006458850340548, 1.0064493443584974, 1.0054998390775467, 0.9969519678873192, 0.9257214544371705, 0.7917613143248523, 0.7533830776508667, 0.7531412454325918, 0.7531412454325901, 0.7531412454325901], "btwvar_stds": [0.38001614644061404, 0.3800099843278775, 0.3793948296739066, 0.37385301736566934, 0.32861588297201894, 0.2967379997454492, 0.3060985533999889, 0.3061528071787104, 0.30615280717871085, 0.30615280717871085], "betas_used": [1e-06, 0.0001, 0.01, 0.1, 1.0, 10.0, 100.0, 1000.0, 10000.0, 100000.0], "wthnvar_stds": [0.022865750240017746, 0.02286560810615713, 0.022851407178082213, 0.022715764455888913, 0.021563677003311663, 0.018982089794083227, 0.018188039227119056, 0.018174665060779197, 0.018174665060779093, 0.018174665060779093], "ratios_stds": [6.774042106106232, 6.77397392886382, 6.767172146011014, 6.703892798173777, 6.216847571211757, 6.377518728040651, 6.745365675761974, 6.746185470496914, 6.7461854704969175, 6.7461854704969175], "duration": 9616, "ratios": [13.801931215903693, 13.801858926082502, 13.794645769082981, 13.728208381780581, 13.226308251277674, 13.05928517469147, 13.10068471501427, 13.100375309253394, 13.10037530925339, 13.10037530925339]}