{"fps_used": [2, 3, 4, 5, 6, 7, 8, 9, 10, 11, 12, 13, 14, 15, 16, 17, 18, 19, 20, 21, 22, 23, 24, 25, 26, 27, 28, 29, 30], "r_got": [4.817626728123273, 6.662905543937601, 8.096523069616735, 9.050521250855182, 9.732935856268496, 10.431173504260002, 11.193135970252344, 11.401391472855984, 11.72054086468563, 12.222814805059764, 12.221456771053111, 12.469090391885203, 12.484450346221589, 12.766060195137676, 12.942215511212334, 12.99905356018787, 13.018600489591277, 13.078022446712069, 13.095667516005456, 13.172143645993362, 13.220998747700248, 13.171644457527018, 13.241847523889724, 13.297940303706286, 13.332831689326131, 13.39335317350219, 13.35151479349375, 13.537312241329065, 13.594351487484923], "rstd_got": [2.9976957804991238, 3.8646735636936294, 4.251006527916263, 4.684857093262, 5.0001926534692895, 5.261651647092748, 5.494083272413132, 5.573241691125676, 5.83547961538691, 5.909064678699712, 5.937866281867987, 6.0437300996675205, 6.161557022694004, 6.263294948519154, 6.31860493560929, 6.311127932005763, 6.363020496012328, 6.362472087938743, 6.4238958494195755, 6.4172843138931, 6.417839605787532, 6.444737469535139, 6.461051649122754, 6.502768972778764, 6.4773692133223575, 6.555025773871002, 6.557435823393542, 6.660232772521404, 6.688393988830353]}