{"wthnvars": [0.051989298179420836, 0.05198928612129671, 0.0519880805891347, 0.051984744238831364, 0.05189047993819054, 0.05107159047107543, 0.04973683478195017, 0.049760447987854686, 0.04976410072907975, 0.04976410072907995], "betas_used": [1e-06, 0.0001, 0.01, 0.1, 1.0, 10.0, 100.0, 1000.0, 10000.0, 100000.0], "duration": 7693, "ratios_stds": [3.3854740502190652, 3.38547480585581, 3.3855503601174437, 3.3854952215823864, 3.3910035052834777, 3.445352434844137, 3.5491260409979177, 3.5600671958911887, 3.560709182827436, 3.560709182827423], "wthnvar_stds": [0.07019239681526554, 0.07019240167534588, 0.07019288745071743, 0.07019634140971431, 0.07023716296119324, 0.07048267724528848, 0.0707869007124184, 0.07115275020899221, 0.07117796029182134, 0.07117796029182118], "btwvars": [0.08800284700276736, 0.08800282048612625, 0.08800016979179515, 0.08797616087417985, 0.08774240400722241, 0.08611934605882109, 0.08396594216176848, 0.08396631111439379, 0.08397229908897996, 0.08397229908898046], "btwvar_stds": [0.129853216130105, 0.12985321406157302, 0.12985300747759268, 0.1298511483487986, 0.12983472674359847, 0.12975427789771585, 0.1299200224033697, 0.13025732517222993, 0.13027947983904686, 0.130279479839047], "ratios": [1.6927108094258125, 1.6927106919838446, 1.692698957041065, 1.6923457480139674, 1.6909152528891036, 1.6862475843119684, 1.6882043766934738, 1.6874106747368496, 1.6874071440802825, 1.6874071440802858]}