{"d-ratio": 1.1422416320711557, "within_std": 0.7591914865096208, "d-ratio-std": 0.5576463903156145, "beta": null, "within_variance": 4.681644548592747, "between_variance": 6.292824779153693, "between_std": 2.5514993238772536, "error": {"inf": 0.20634920634920634, "sup": 0.6666666666666666}, "weights": {"mouth": {"smile": [0.2764789038903407, 0.1342323782708711, 0.25818851723260833, 0.17742508102812302, 0.15367511957805685], "shifted": [0.2793629506376279, 0.1567034129688716, 0.1508650444125509, 0.19333987695898056, 0.21972871502196906], "open": [0.18090801247218663, 0.15977694127370062, 0.17580401580914268, 0.28230143595063295, 0.20120959449433712], "default": [0.2179722409015631, 0.16014172132184668, 0.20410300560237984, 0.20764982437956314, 0.21013320779464723]}, "eyebrows": {"default": [0.2848488321865362, 0.23890034277863303, 0.2334858341196454, 0.24276499091518547], "down": [0.3009281997489096, 0.18454970272483134, 0.2322322274096558, 0.2822898701166033], "up": [0.26585531426238823, 0.23208790565927498, 0.24402265633979658, 0.25803412373854023]}, "cheeks": {"default": [0.53884149228462, 0.4611585077153799], "down": [0.5179044861388373, 0.48209551386116267], "up": [0.5397023788288768, 0.4602976211711232]}, "eyes": {"closed": [0.31977245639080165, 0.19272736618054606, 0.2897796908141295, 0.1977204866145227], "default": [0.2804803101291699, 0.2311629201686416, 0.29669758120679984, 0.19165918849538865]}, "nostrils": {"default": [0.5188457980392189, 0.48115420196078107], "down": [0.48347768640742705, 0.5165223135925728], "up": [0.49448013355078924, 0.5055198664492108]}}}