{"d-ratio": 1.1422416320711557, "d-ratio-std": 0.5576463903156145, "within_std": 0.7591914865096208, "beta": null, "between_std": 2.5514993238772536, "between_variance": 6.292824779153693, "error": {"sup": 0.6271186440677966, "inf": 0.13559322033898305}, "within_variance": 4.681644548592747, "weights": {"eyebrows": {"down": [0.2892280909849295, 0.2127225882925605, 0.23708244826857647, 0.2609668724539335], "up": [0.2668132579233291, 0.2398384931348038, 0.2460975358500402, 0.24725071309182686], "default": [0.27114376102575544, 0.24752213480710442, 0.23745215255002838, 0.2438819516171118]}, "eyes": {"closed": [0.3052921149507968, 0.19791816149423522, 0.3104077965655646, 0.1863819269894034], "default": [0.2847503196382222, 0.22318982841129775, 0.28416463360374283, 0.20789521834673716]}, "mouth": {"smile": [0.28946356345197544, 0.13537851405913767, 0.26057205943019557, 0.16534871439194482, 0.14923714866674648], "default": [0.22853483065982638, 0.16690134404318982, 0.19273356963138666, 0.20561253408872693, 0.2062177215768702], "open": [0.18768093399044466, 0.1687255734846069, 0.1930051541505276, 0.2536774126800904, 0.19691092569433044], "shifted": [0.2166578540422615, 0.17413564260720982, 0.15616280084410972, 0.23458684023016527, 0.2184568622762537]}, "nostrils": {"down": [0.5240607593187984, 0.4759392406812015], "up": [0.4971226148747633, 0.5028773851252368], "default": [0.5046739405747324, 0.49532605942526764]}, "cheeks": {"down": [0.5171623247511005, 0.4828376752488994], "up": [0.5220245282118287, 0.4779754717881714], "default": [0.5238502844222, 0.47614971557780006]}}}