{"d-ratio": 1.1422416320711557, "between_std": 2.5514993238772536, "within_std": 0.7591914865096208, "error": {"sup": 0.3050847457627119, "inf": 0.23728813559322035}, "weights": {"mouth": {"open": [0.17487159158730176, 0.1498955840749588, 0.1665429859998191, 0.2973379250404756, 0.21135191329744477], "default": [0.2134034550394941, 0.15864367028197113, 0.19593221215100434, 0.21757480827460407, 0.21444585425292637], "smile": [0.26776711302430145, 0.1341595205512521, 0.24213601849315228, 0.18944420024814085, 0.16649314768315343], "shifted": [0.2755496707273283, 0.13989936700644198, 0.14732953097857948, 0.20350517654040712, 0.23371625474724309]}, "cheeks": {"default": [0.5314391184037767, 0.46856088159622333], "down": [0.5361328325363681, 0.4638671674636319], "up": [0.5443950050585624, 0.4556049949414376]}, "eyes": {"default": [0.2725315465032164, 0.23933035318393228, 0.2874680033095811, 0.20067009700327004], "closed": [0.31854454629708123, 0.18502835987972924, 0.2913654032710664, 0.20506169055212317]}, "nostrils": {"default": [0.5102361076771189, 0.48976389232288103], "down": [0.4947981670479132, 0.5052018329520869], "up": [0.4891863954663994, 0.5108136045336007]}, "eyebrows": {"default": [0.27531665431061847, 0.2413550797561972, 0.2423135372010677, 0.2410147287321166], "down": [0.28661919331294444, 0.18520659128791814, 0.2430250061815345, 0.2851492092176028], "up": [0.2750187675117617, 0.23068077210460938, 0.24213859006467398, 0.25216187031895504]}}, "between_variance": 6.292824779153693, "beta": null, "d-ratio-std": 0.5576463903156145, "within_variance": 4.681644548592747}